-50.121685,-69.050667,9.465229
-39.52166,-68.285957,10.771356
-32.093311,-49.717789,16.77615
-41.97324,-50.888836,15.648224
-39.52166,-68.285957,10.771356
-28.716011,-67.341026,11.991582
-22.009277,-48.409245,17.794088
-32.093311,-49.717789,16.77615
-28.716011,-67.341026,11.991582
-17.667763,-66.18853,13.116055
-11.684285,-46.943108,18.688084
-22.009277,-48.409245,17.794088
-17.667763,-66.18853,13.116055
-6.33136,-64.79406,14.132896
-1.072696,-45.294495,19.440969
-11.684285,-46.943108,18.688084
-6.33136,-64.79406,14.132896
5.370159,-63.107262,15.025536
9.901582,-43.425877,20.028538
-1.072696,-45.294495,19.440969
5.370159,-63.107262,15.025536
17.530722,-61.062172,15.773685
21.332472,-41.289841,20.420065
9.901582,-43.425877,20.028538
17.530722,-61.062172,15.773685
30.246084,-58.568523,16.352903
33.320297,-38.828037,20.575432
21.332472,-41.289841,20.420065
30.246084,-58.568523,16.352903
43.791962,-55.458519,16.719107
46.138359,-35.91824,20.423498
33.320297,-38.828037,20.575432
43.791962,-55.458519,16.719107
58.596813,-51.471306,16.810787
60.213081,-32.374039,19.859398
46.138359,-35.91824,20.423498
58.596813,-51.471306,16.810787
74.482475,-46.330299,16.618025
75.450188,-28.119284,18.801804
60.213081,-32.374039,19.859398
74.482475,-46.330299,16.618025
90.148911,-40.346767,16.318172
90.667831,-23.545725,17.441614
75.450188,-28.119284,18.801804
90.148911,-40.346767,16.318172
102.107491,-35.456516,16.530006
102.467239,-20.164835,16.681915
90.667831,-23.545725,17.441614
102.107491,-35.456516,16.530006
109.499748,-32.583412,17.594761
109.951271,-18.602221,17.010462
102.467239,-20.164835,16.681915
109.499748,-32.583412,17.594761
114.550308,-31.27919,19.47706
115.187057,-18.353523,18.34005
109.951271,-18.602221,17.010462
114.550308,-31.27919,19.47706
118.329544,-31.279888,22.184488
119.186623,-19.171354,20.636822
115.187057,-18.353523,18.34005
118.329544,-31.279888,22.184488
121.285362,-32.404949,25.716875
122.388794,-20.918074,23.870159
119.186623,-19.171354,20.636822
121.285362,-32.404949,25.716875
123.692665,-34.423073,29.999004
125.071945,-23.406572,27.940695
122.388794,-20.918074,23.870159
123.692665,-34.423073,29.999004
125.722397,-37.184711,35.056469
127.425751,-26.521545,32.860504
125.071945,-23.406572,27.940695
125.722397,-37.184711,35.056469
127.468414,-40.636635,41.015213
129.572266,-30.233105,38.750858
127.425751,-26.521545,32.860504
127.468414,-40.636635,41.015213
129.00296,-44.804085,47.986721
131.595398,-34.581123,45.717884
129.572266,-30.233105,38.750858
129.00296,-44.804085,47.986721
130.422882,-49.834293,56.626911
133.689667,-39.717251,54.441212
131.595398,-34.581123,45.717884
130.422882,-49.834293,56.626911
131.872177,-55.957958,68.463753
136.255829,-45.864712,66.523735
133.689667,-39.717251,54.441212
131.872177,-55.957958,68.463753
133.247513,-61.707195,81.317932
139.036591,-51.591034,79.735809
136.255829,-45.864712,66.523735
133.247513,-61.707195,81.317932
134.31311,-64.867233,90.943733
141.373962,-54.742046,89.697769
139.036591,-51.591034,79.735809
134.31311,-64.867233,90.943733
135.160767,-66.140457,97.703674
143.289749,-56.032692,96.738518
141.373962,-54.742046,89.697769
135.160767,-66.140457,97.703674
135.925293,-66.620216,102.925812
144.967575,-56.552402,102.191994
143.289749,-56.032692,96.738518
135.925293,-66.620216,102.925812
136.64357,-66.553276,107.175629
146.509445,-56.541183,106.643738
144.967575,-56.552402,102.191994
-41.97324,-50.888836,15.648224
-32.093311,-49.717789,16.77615
-23.330868,-31.541006,19.621586
-32.370556,-33.000443,18.242485
-32.093311,-49.717789,16.77615
-22.009277,-48.409245,17.794088
-14.088891,-29.980705,20.874033
-23.330868,-31.541006,19.621586
-22.009277,-48.409245,17.794088
-11.684285,-46.943108,18.688084
-4.607909,-28.305626,21.982672
-14.088891,-29.980705,20.874033
-11.684285,-46.943108,18.688084
-1.072696,-45.294495,19.440969
5.157835,-26.498999,22.926006
-4.607909,-28.305626,21.982672
-1.072696,-45.294495,19.440969
9.901582,-43.425877,20.028538
15.28344,-24.534311,23.674213
5.157835,-26.498999,22.926006
9.901582,-43.425877,20.028538
21.332472,-41.289841,20.420065
25.862879,-22.37995,24.18796
15.28344,-24.534311,23.674213
21.332472,-41.289841,20.420065
33.320297,-38.828037,20.575432
37.001945,-20.004339,24.41074
25.862879,-22.37995,24.18796
33.320297,-38.828037,20.575432
46.138359,-35.91824,20.423498
48.971268,-17.324266,24.250256
37.001945,-20.004339,24.41074
46.138359,-35.91824,20.423498
60.213081,-32.374039,19.859398
62.195175,-14.21686,23.565966
48.971268,-17.324266,24.250256
60.213081,-32.374039,19.859398
75.450188,-28.119284,18.801804
76.678947,-10.769164,22.153307
62.195175,-14.21686,23.565966
75.450188,-28.119284,18.801804
90.667831,-23.545725,17.441614
91.380348,-7.430922,20.12545
76.678947,-10.769164,22.153307
90.667831,-23.545725,17.441614
102.467239,-20.164835,16.681915
103.005211,-5.344186,18.555244
91.380348,-7.430922,20.12545
102.467239,-20.164835,16.681915
109.951271,-18.602221,17.010462
110.61039,-4.883663,18.074553
103.005211,-5.344186,18.555244
109.951271,-18.602221,17.010462
115.187057,-18.353523,18.34005
116.078194,-5.510593,18.656981
110.61039,-4.883663,18.074553
115.187057,-18.353523,18.34005
119.186623,-19.171354,20.636822
120.35247,-6.996533,20.269396
116.078194,-5.510593,18.656981
119.186623,-19.171354,20.636822
122.388794,-20.918074,23.870159
123.860748,-9.241692,22.86286
120.35247,-6.996533,20.269396
122.388794,-20.918074,23.870159
125.071945,-23.406572,27.940695
126.881981,-12.098646,26.33082
123.860748,-9.241692,22.86286
125.071945,-23.406572,27.940695
127.425751,-26.521545,32.860504
129.621628,-15.483775,30.683926
126.881981,-12.098646,26.33082
127.425751,-26.521545,32.860504
129.572266,-30.233105,38.750858
132.227524,-19.389475,36.043724
129.621628,-15.483775,30.683926
129.572266,-30.233105,38.750858
131.595398,-34.581123,45.717884
134.795807,-23.868034,42.504757
132.227524,-19.389475,36.043724
131.595398,-34.581123,45.717884
133.689667,-39.717251,54.441212
137.609741,-29.083393,50.776127
134.795807,-23.868034,42.504757
133.689667,-39.717251,54.441212
136.255829,-45.864712,66.523735
141.297531,-35.278534,62.579613
137.609741,-29.083393,50.776127
136.255829,-45.864712,66.523735
139.036591,-51.591034,79.735809
145.435944,-41.054863,75.775864
141.297531,-35.278534,62.579613
139.036591,-51.591034,79.735809
141.373962,-54.742046,89.697769
148.952652,-44.293255,86.007248
145.435944,-41.054863,75.775864
141.373962,-54.742046,89.697769
143.289749,-56.032692,96.738518
151.827454,-45.699173,93.449173
148.952652,-44.293255,86.007248
143.289749,-56.032692,96.738518
144.967575,-56.552402,102.191994
154.312897,-46.346962,99.308876
151.827454,-45.699173,93.449173
144.967575,-56.552402,102.191994
146.509445,-56.541183,106.643738
156.572784,-46.474762,104.179688
154.312897,-46.346962,99.308876
-32.370556,-33.000443,18.242485
-23.330868,-31.541006,19.621586
-13.595545,-13.944747,19.531343
-21.701982,-15.577092,17.513294
-23.330868,-31.541006,19.621586
-14.088891,-29.980705,20.874033
-5.288662,-12.24183,21.413342
-13.595545,-13.944747,19.531343
-14.088891,-29.980705,20.874033
-4.607909,-28.305626,21.982672
3.255276,-10.459517,23.139854
-5.288662,-12.24183,21.413342
-4.607909,-28.305626,21.982672
5.157835,-26.498999,22.926006
12.082218,-8.587687,24.686049
3.255276,-10.459517,23.139854
5.157835,-26.498999,22.926006
15.28344,-24.534311,23.674213
21.266249,-6.608944,26.018486
12.082218,-8.587687,24.686049
15.28344,-24.534311,23.674213
25.862879,-22.37995,24.18796
30.901529,-4.504625,27.091125
21.266249,-6.608944,26.018486
25.862879,-22.37995,24.18796
37.001945,-20.004339,24.41074
41.100204,-2.264649,27.830828
30.901529,-4.504625,27.091125
37.001945,-20.004339,24.41074
48.971268,-17.324266,24.250256
52.13028,0.162018,28.130098
41.100204,-2.264649,27.830828
48.971268,-17.324266,24.250256
62.195175,-14.21686,23.565966
64.414383,2.846043,27.820681
52.13028,0.162018,28.130098
62.195175,-14.21686,23.565966
76.678947,-10.769164,22.153307
78.070602,5.57503,26.530111
64.414383,2.846043,27.820681
76.678947,-10.769164,22.153307
91.380348,-7.430922,20.12545
92.213333,7.863466,24.211708
78.070602,5.57503,26.530111
91.380348,-7.430922,20.12545
103.005211,-5.344186,18.555244
103.662064,8.880886,21.998362
92.213333,7.863466,24.211708
103.005211,-5.344186,18.555244
110.61039,-4.883663,18.074553
111.420418,8.454741,20.660143
103.662064,8.880886,21.998362
110.61039,-4.883663,18.074553
116.078194,-5.510593,18.656981
117.164619,7.137161,20.333551
111.420418,8.454741,20.660143
116.078194,-5.510593,18.656981
120.35247,-6.996533,20.269396
121.763,5.135758,21.024899
117.164619,7.137161,20.333551
120.35247,-6.996533,20.269396
123.860748,-9.241692,22.86286
125.630188,2.517892,22.678539
121.763,5.135758,21.024899
123.860748,-9.241692,22.86286
126.881981,-12.098646,26.33082
129.043274,-0.603792,25.196562
125.630188,2.517892,22.678539
126.881981,-12.098646,26.33082
129.621628,-15.483775,30.683926
132.220505,-4.174368,28.599392
129.043274,-0.603792,25.196562
129.621628,-15.483775,30.683926
132.227524,-19.389475,36.043724
135.332733,-8.207063,33.013401
132.220505,-4.174368,28.599392
132.227524,-19.389475,36.043724
134.795807,-23.868034,42.504757
138.488739,-12.764239,38.516033
135.332733,-8.207063,33.013401
134.795807,-23.868034,42.504757
137.609741,-29.083393,50.776127
142.050095,-18.028992,45.850368
138.488739,-12.764239,38.516033
137.609741,-29.083393,50.776127
141.297531,-35.278534,62.579613
146.839798,-24.288513,56.894417
142.050095,-18.028992,45.850368
141.297531,-35.278534,62.579613
145.435944,-41.054863,75.775864
152.261017,-30.176895,69.727318
146.839798,-24.288513,56.894417
145.435944,-41.054863,75.775864
148.952652,-44.293255,86.007248
156.843964,-33.587227,80.157883
152.261017,-30.176895,69.727318
148.952652,-44.293255,86.007248
151.827454,-45.699173,93.449173
160.553802,-35.194977,88.100967
156.843964,-33.587227,80.157883
151.827454,-45.699173,93.449173
154.312897,-46.346962,99.308876
163.729477,-36.048672,94.517479
160.553802,-35.194977,88.100967
154.312897,-46.346962,99.308876
156.572784,-46.474762,104.179688
166.592117,-36.389,99.996819
163.729477,-36.048672,94.517479
-21.701982,-15.577092,17.513294
-13.595545,-13.944747,19.531343
-3.312494,2.940261,16.899431
-10.424933,1.2416,13.918387
-13.595545,-13.944747,19.531343
-5.288662,-12.24183,21.413342
3.998818,4.685408,19.741755
-3.312494,2.940261,16.899431
-5.288662,-12.24183,21.413342
3.255276,-10.459517,23.139854
11.545584,6.481852,22.424519
3.998818,4.685408,19.741755
3.255276,-10.459517,23.139854
12.082218,-8.587687,24.686049
19.374069,8.334499,24.920521
11.545584,6.481852,22.424519
12.082218,-8.587687,24.686049
21.266249,-6.608944,26.018486
27.557425,10.253494,27.194588
19.374069,8.334499,24.920521
21.266249,-6.608944,26.018486
30.901529,-4.504625,27.091125
36.190239,12.247336,29.195829
27.557425,10.253494,27.194588
30.901529,-4.504625,27.091125
41.100204,-2.264649,27.830828
45.39183,14.309742,30.834726
36.190239,12.247336,29.195829
41.100204,-2.264649,27.830828
52.13028,0.162018,28.130098
55.427998,16.466272,31.99427
45.39183,14.309742,30.834726
52.13028,0.162018,28.130098
64.414383,2.846043,27.820681
66.72052,18.746498,32.486294
55.427998,16.466272,31.99427
64.414383,2.846043,27.820681
78.070602,5.57503,26.530111
79.510544,20.848991,31.735502
66.72052,18.746498,32.486294
78.070602,5.57503,26.530111
92.213333,7.863466,24.211708
93.080803,22.273197,29.467049
79.510544,20.848991,31.735502
92.213333,7.863466,24.211708
103.662064,8.880886,21.998362
104.366943,22.44289,26.775045
93.080803,22.273197,29.467049
103.662064,8.880886,21.998362
111.420418,8.454741,20.660143
112.312431,21.340309,24.558653
104.366943,22.44289,26.775045
111.420418,8.454741,20.660143
117.164619,7.137161,20.333551
118.373436,19.511761,23.202993
112.312431,21.340309,24.558653
117.164619,7.137161,20.333551
121.763,5.135758,21.024899
123.338303,17.142685,22.786917
118.373436,19.511761,23.202993
121.763,5.135758,21.024899
125.630188,2.517892,22.678539
127.607986,14.273479,23.258503
123.338303,17.142685,22.786917
125.630188,2.517892,22.678539
129.043274,-0.603792,25.196562
131.455765,10.987022,24.542309
127.607986,14.273479,23.258503
129.043274,-0.603792,25.196562
132.220505,-4.174368,28.599392
135.109833,7.312792,26.678221
131.455765,10.987022,24.542309
132.220505,-4.174368,28.599392
135.332733,-8.207063,33.013401
138.76123,3.218489,29.801302
135.109833,7.312792,26.678221
135.332733,-8.207063,33.013401
138.488739,-12.764239,38.516033
142.531433,-1.365972,33.967461
138.76123,3.218489,29.801302
138.488739,-12.764239,38.516033
142.050095,-18.028992,45.850368
146.849106,-6.648294,39.956642
142.531433,-1.365972,33.967461
142.050095,-18.028992,45.850368
146.839798,-24.288513,56.894417
152.697647,-12.980161,49.831718
146.849106,-6.648294,39.956642
146.839798,-24.288513,56.894417
152.261017,-30.176895,69.727318
159.303909,-19.027695,61.998917
152.697647,-12.980161,49.831718
152.261017,-30.176895,69.727318
156.843964,-33.587227,80.157883
164.825333,-22.677608,72.558472
159.303909,-19.027695,61.998917
156.843964,-33.587227,80.157883
160.553802,-35.194977,88.100967
169.237946,-24.557415,81.076424
164.825333,-22.677608,72.558472
160.553802,-35.194977,88.100967
163.729477,-36.048672,94.517479
172.981079,-25.680107,88.167267
169.237946,-24.557415,81.076424
163.729477,-36.048672,94.517479
166.592117,-36.389,99.996819
176.327713,-26.29254,94.406113
172.981079,-25.680107,88.167267
-10.424933,1.2416,13.918387
-3.312494,2.940261,16.899431
7.087426,19.0606,12.219722
0.997141,17.388937,8.026601
-3.312494,2.940261,16.899431
3.998818,4.685408,19.741755
13.375588,20.760439,16.277359
7.087426,19.0606,12.219722
3.998818,4.685408,19.741755
11.545584,6.481852,22.424519
19.8983,22.490252,20.178068
13.375588,20.760439,16.277359
11.545584,6.481852,22.424519
19.374069,8.334499,24.920521
26.702309,24.251059,23.893194
19.8983,22.490252,20.178068
19.374069,8.334499,24.920521
27.557425,10.253494,27.194588
33.860031,26.047495,27.387484
26.702309,24.251059,23.893194
27.557425,10.253494,27.194588
36.190239,12.247336,29.195829
41.466808,27.880484,30.60696
33.860031,26.047495,27.387484
36.190239,12.247336,29.195829
45.39183,14.309742,30.834726
49.649902,29.732113,33.446411
41.466808,27.880484,30.60696
45.39183,14.309742,30.834726
55.427998,16.466272,31.99427
58.673653,31.608721,35.784496
49.649902,29.732113,33.446411
55.427998,16.466272,31.99427
66.72052,18.746498,32.486294
68.960342,33.509136,37.420429
58.673653,31.608721,35.784496
66.72052,18.746498,32.486294
79.510544,20.848991,31.735502
80.881302,35.076023,37.551903
68.960342,33.509136,37.420429
79.510544,20.848991,31.735502
93.080803,22.273197,29.467049
93.893929,35.812187,35.623699
80.881302,35.076023,37.551903
93.080803,22.273197,29.467049
104.366943,22.44289,26.775045
105.045944,35.341656,32.607113
93.893929,35.812187,35.623699
104.366943,22.44289,26.775045
112.312431,21.340309,24.558653
113.214066,33.757755,29.518644
105.045944,35.341656,32.607113
112.312431,21.340309,24.558653
118.373436,19.511761,23.202993
119.627823,31.584324,27.058455
113.214066,33.757755,29.518644
118.373436,19.511761,23.202993
123.338303,17.142685,22.786917
124.994011,28.983849,25.404215
119.627823,31.584324,27.058455
123.338303,17.142685,22.786917
127.607986,14.273479,23.258503
129.699936,25.974985,24.516552
124.994011,28.983849,25.404215
127.607986,14.273479,23.258503
131.455765,10.987022,24.542309
134.013748,22.615713,24.353828
129.699936,25.974985,24.516552
131.455765,10.987022,24.542309
135.109833,7.312792,26.678221
138.171158,18.913357,24.983185
134.013748,22.615713,24.353828
135.109833,7.312792,26.678221
138.76123,3.218489,29.801302
142.380371,14.81851,26.551468
138.171158,18.913357,24.983185
138.76123,3.218489,29.801302
142.531433,-1.365972,33.967461
146.775574,10.255607,29.08976
142.380371,14.81851,26.551468
142.531433,-1.365972,33.967461
146.849106,-6.648294,39.956642
151.840958,4.988466,33.416145
146.775574,10.255607,29.08976
146.849106,-6.648294,39.956642
152.697647,-12.980161,49.831718
158.685928,-1.414469,41.797436
151.840958,4.988466,33.416145
152.697647,-12.980161,49.831718
159.303909,-19.027695,61.998917
166.362808,-7.651428,53.052315
158.685928,-1.414469,41.797436
159.303909,-19.027695,61.998917
164.825333,-22.677608,72.558472
172.687225,-11.58923,63.673573
166.362808,-7.651428,53.052315
164.825333,-22.677608,72.558472
169.237946,-24.557415,81.076424
177.668686,-13.792645,72.811844
172.687225,-11.58923,63.673573
169.237946,-24.557415,81.076424
172.981079,-25.680107,88.167267
181.856995,-15.230663,80.658073
177.668686,-13.792645,72.811844
172.981079,-25.680107,88.167267
176.327713,-26.29254,94.406113
185.570984,-16.158979,87.764267
181.856995,-15.230663,80.658073
0.997141,17.388937,8.026601
7.087426,19.0606,12.219722
17.182392,34.420086,6.036542
12.11071,32.853004,0.462221
7.087426,19.0606,12.219722
13.375588,20.760439,16.277359
22.451834,36.00219,11.483559
17.182392,34.420086,6.036542
13.375588,20.760439,16.277359
19.8983,22.490252,20.178068
27.955959,37.598984,16.781921
22.451834,36.00219,11.483559
19.8983,22.490252,20.178068
26.702309,24.251059,23.893194
33.742214,39.208794,21.902332
27.955959,37.598984,16.781921
26.702309,24.251059,23.893194
33.860031,26.047495,27.387484
39.882576,40.832298,26.81089
33.742214,39.208794,21.902332
33.860031,26.047495,27.387484
41.466808,27.880484,30.60696
46.473568,42.46516,31.452108
39.882576,40.832298,26.81089
41.466808,27.880484,30.60696
49.649902,29.732113,33.446411
53.651096,44.082027,35.706192
46.473568,42.46516,31.452108
49.649902,29.732113,33.446411
58.673653,31.608721,35.784496
61.67915,45.67561,39.451977
53.651096,44.082027,35.706192
58.673653,31.608721,35.784496
68.960342,33.509136,37.420429
70.982315,47.223236,42.482635
61.67915,45.67561,39.451977
68.960342,33.509136,37.420429
80.881302,35.076023,37.551903
82.066208,48.340637,43.755756
70.982315,47.223236,42.482635
80.881302,35.076023,37.551903
93.893929,35.812187,35.623699
94.56395,48.549549,42.400635
82.066208,48.340637,43.755756
93.893929,35.812187,35.623699
105.045944,35.341656,32.607113
105.624802,47.6255,39.198532
94.56395,48.549549,42.400635
105.045944,35.341656,32.607113
113.214066,33.757755,29.518644
114.05246,45.734196,35.269394
105.624802,47.6255,39.198532
113.214066,33.757755,29.518644
119.627823,31.584324,27.058455
120.850441,43.363338,31.674173
114.05246,45.734196,35.269394
119.627823,31.584324,27.058455
124.994011,28.983849,25.404215
126.645264,40.652214,28.708263
120.850441,43.363338,31.674173
124.994011,28.983849,25.404215
129.699936,25.974985,24.516552
131.811401,37.602543,26.351868
126.645264,40.652214,28.708263
129.699936,25.974985,24.516552
134.013748,22.615713,24.353828
136.611267,34.251915,24.605717
131.811401,37.602543,26.351868
134.013748,22.615713,24.353828
138.171158,18.913357,24.983185
141.28598,30.588745,23.569977
136.611267,34.251915,24.605717
138.171158,18.913357,24.983185
142.380371,14.81851,26.551468
146.05809,26.548607,23.405483
141.28598,30.588745,23.569977
142.380371,14.81851,26.551468
146.775574,10.255607,29.08976
151.074249,22.052511,24.116444
146.05809,26.548607,23.405483
146.775574,10.255607,29.08976
151.840958,4.988466,33.416145
156.862686,16.833603,26.558735
151.074249,22.052511,24.116444
151.840958,4.988466,33.416145
158.685928,-1.414469,41.797436
164.62561,10.370234,33.212402
156.862686,16.833603,26.558735
158.685928,-1.414469,41.797436
166.362808,-7.651428,53.052315
173.246719,3.931182,43.36908
164.62561,10.370234,33.212402
166.362808,-7.651428,53.052315
172.687225,-11.58923,63.673573
180.235733,-0.322477,53.989403
173.246719,3.931182,43.36908
172.687225,-11.58923,63.673573
177.668686,-13.792645,72.811844
185.654785,-2.881423,63.764839
180.235733,-0.322477,53.989403
177.668686,-13.792645,72.811844
181.856995,-15.230663,80.658073
190.170441,-4.663531,72.409874
185.654785,-2.881423,63.764839
181.856995,-15.230663,80.658073
185.570984,-16.158979,87.764267
194.140808,-5.935017,80.446495
190.170441,-4.663531,72.409874
12.11071,32.853004,0.462221
17.182392,34.420086,6.036542
26.582312,49.072746,-1.105486
22.496819,47.671478,-8.152023
17.182392,34.420086,6.036542
22.451834,36.00219,11.483559
30.866613,50.480309,5.825865
26.582312,49.072746,-1.105486
22.451834,36.00219,11.483559
27.955959,37.598984,16.781921
35.3871,51.892483,12.621365
30.866613,50.480309,5.825865
27.955959,37.598984,16.781921
33.742214,39.208794,21.902332
40.192181,53.30592,19.251797
35.3871,51.892483,12.621365
33.742214,39.208794,21.902332
39.882576,40.832298,26.81089
45.353786,54.718681,25.68576
40.192181,53.30592,19.251797
39.882576,40.832298,26.81089
46.473568,42.46516,31.452108
50.970146,56.123154,31.867664
45.353786,54.718681,25.68576
46.473568,42.46516,31.452108
53.651096,44.082027,35.706192
57.186466,57.490131,37.664577
50.970146,56.123154,31.867664
53.651096,44.082027,35.706192
61.67915,45.67561,39.451977
64.267815,58.803524,42.959339
57.186466,57.490131,37.664577
61.67915,45.67561,39.451977
70.982315,47.223236,42.482635
72.643326,60.027145,47.544842
64.267815,58.803524,42.959339
70.982315,47.223236,42.482635
82.066208,48.340637,43.755756
82.954308,60.774181,50.136013
72.643326,60.027145,47.544842
82.066208,48.340637,43.755756
94.56395,48.549549,42.400635
95.005844,60.597939,49.528202
82.954308,60.774181,50.136013
94.56395,48.549549,42.400635
105.624802,47.6255,39.198532
106.032188,59.382847,46.262516
95.005844,60.597939,49.528202
105.624802,47.6255,39.198532
114.05246,45.734196,35.269394
114.757957,57.333992,41.546722
106.032188,59.382847,46.262516
114.05246,45.734196,35.269394
120.850441,43.363338,31.674173
121.967827,54.892281,36.828152
114.757957,57.333992,41.546722
120.850441,43.363338,31.674173
126.645264,40.652214,28.708263
128.211914,52.174026,32.531544
121.967827,54.892281,36.828152
126.645264,40.652214,28.708263
131.811401,37.602543,26.351868
133.853424,49.168278,28.661863
128.211914,52.174026,32.531544
131.811401,37.602543,26.351868
136.611267,34.251915,24.605717
139.149094,45.896332,25.268034
133.853424,49.168278,28.661863
136.611267,34.251915,24.605717
141.28598,30.588745,23.569977
144.343765,42.330765,22.487003
139.149094,45.896332,25.268034
141.28598,30.588745,23.569977
146.05809,26.548607,23.405483
149.671753,38.39426,20.494947
144.343765,42.330765,22.487003
146.05809,26.548607,23.405483
151.074249,22.052511,24.116444
155.291702,34.006275,19.268332
149.671753,38.39426,20.494947
151.074249,22.052511,24.116444
156.862686,16.833603,26.558735
161.764877,28.868673,19.698952
155.291702,34.006275,19.268332
156.862686,16.833603,26.558735
164.62561,10.370234,33.212402
170.354599,22.364557,24.480099
161.764877,28.868673,19.698952
164.62561,10.370234,33.212402
173.246719,3.931182,43.36908
179.78569,15.727915,33.412582
170.354599,22.364557,24.480099
173.246719,3.931182,43.36908
180.235733,-0.322477,53.989403
187.301453,11.150209,43.974728
179.78569,15.727915,33.412582
180.235733,-0.322477,53.989403
185.654785,-2.881423,63.764839
193.032242,8.222832,54.377102
187.301453,11.150209,43.974728
185.654785,-2.881423,63.764839
190.170441,-4.663531,72.409874
197.764053,6.084811,63.828461
193.032242,8.222832,54.377102
190.170441,-4.663531,72.409874
194.140808,-5.935017,80.446495
201.887558,4.45873,72.815666
197.764053,6.084811,63.828461
22.496819,47.671478,-8.152023
26.582312,49.072746,-1.105486
34.913422,63.094234,-8.673263
31.754433,61.903893,-17.207275
26.582312,49.072746,-1.105486
30.866613,50.480309,5.825865
38.273724,64.285851,-0.239365
34.913422,63.094234,-8.673263
30.866613,50.480309,5.825865
35.3871,51.892483,12.621365
41.873409,65.476334,8.074918
38.273724,64.285851,-0.239365
35.3871,51.892483,12.621365
40.192181,53.30592,19.251797
45.76215,66.661507,16.241074
41.873409,65.476334,8.074918
40.192181,53.30592,19.251797
45.353786,54.718681,25.68576
50.012337,67.837959,24.231096
45.76215,66.661507,16.241074
45.353786,54.718681,25.68576
50.970146,56.123154,31.867664
54.724514,68.996468,31.990499
50.012337,67.837959,24.231096
50.970146,56.123154,31.867664
57.186466,57.490131,37.664577
60.053818,70.106903,39.375008
54.724514,68.996468,31.990499
57.186466,57.490131,37.664577
64.267815,58.803524,42.959339
66.268135,71.14846,46.274563
60.053818,70.106903,39.375008
64.267815,58.803524,42.959339
72.643326,60.027145,47.544842
73.803871,72.07811,52.486721
66.268135,71.14846,46.274563
72.643326,60.027145,47.544842
82.954308,60.774181,50.136013
83.436905,72.526291,56.491398
73.803871,72.07811,52.486721
82.954308,60.774181,50.136013
95.005844,60.597939,49.528202
95.135979,72.087616,56.74762
83.436905,72.526291,56.491398
95.005844,60.597939,49.528202
106.032188,59.382847,46.262516
106.197968,70.719208,53.522938
95.135979,72.087616,56.74762
106.032188,59.382847,46.262516
114.757957,57.333992,41.546722
115.262421,68.63826,48.095802
106.197968,70.719208,53.522938
114.757957,57.333992,41.546722
121.967827,54.892281,36.828152
122.908577,66.231194,42.30592
115.262421,68.63826,48.095802
121.967827,54.892281,36.828152
128.211914,52.174026,32.531544
129.616486,63.59201,36.711926
122.908577,66.231194,42.30592
128.211914,52.174026,32.531544
133.853424,49.168278,28.661863
135.740433,60.700821,31.346937
129.616486,63.59201,36.711926
133.853424,49.168278,28.661863
139.149094,45.896332,25.268034
141.532166,57.566227,26.311224
135.740433,60.700821,31.346937
139.149094,45.896332,25.268034
144.343765,42.330765,22.487003
147.238983,54.147865,21.780315
141.532166,57.566227,26.311224
144.343765,42.330765,22.487003
149.671753,38.39426,20.494947
153.104538,50.357716,17.946251
147.238983,54.147865,21.780315
149.671753,38.39426,20.494947
155.291702,34.006275,19.268332
159.298981,46.115303,14.758004
153.104538,50.357716,17.946251
155.291702,34.006275,19.268332
161.764877,28.868673,19.698952
166.405869,41.092167,13.139991
159.298981,46.115303,14.758004
161.764877,28.868673,19.698952
170.354599,22.364557,24.480099
175.720001,34.575901,15.989794
166.405869,41.092167,13.139991
170.354599,22.364557,24.480099
179.78569,15.727915,33.412582
185.820358,27.762976,23.630152
175.720001,34.575901,15.989794
179.78569,15.727915,33.412582
187.301453,11.150209,43.974728
193.726486,22.872265,34.082249
185.820358,27.762976,23.630152
187.301453,11.150209,43.974728
193.032242,8.222832,54.377102
199.649216,19.581974,45.075314
193.726486,22.872265,34.082249
193.032242,8.222832,54.377102
197.764053,6.084811,63.828461
204.493134,17.092592,55.305923
199.649216,19.581974,45.075314
197.764053,6.084811,63.828461
201.887558,4.45873,72.815666
208.674545,15.11579,65.222458
204.493134,17.092592,55.305923
31.754433,61.903893,-17.207275
34.913422,63.094234,-8.673263
41.812469,76.574265,-16.147377
39.494186,75.624283,-26.110691
34.913422,63.094234,-8.673263
38.273724,64.285851,-0.239365
44.336308,77.52346,-6.267111
41.812469,76.574265,-16.147377
38.273724,64.285851,-0.239365
41.873409,65.476334,8.074918
47.104771,78.469269,3.512154
44.336308,77.52346,-6.267111
41.873409,65.476334,8.074918
45.76215,66.661507,16.241074
50.169121,79.407379,13.163129
47.104771,78.469269,3.512154
45.76215,66.661507,16.241074
50.012337,67.837959,24.231096
53.602821,80.333801,22.661844
50.169121,79.407379,13.163129
50.012337,67.837959,24.231096
54.724514,68.996468,31.990499
57.509434,81.239037,31.955944
53.602821,80.333801,22.661844
54.724514,68.996468,31.990499
60.053818,70.106903,39.375008
62.05463,82.094398,40.891918
57.509434,81.239037,31.955944
60.053818,70.106903,39.375008
66.268135,71.14846,46.274563
67.511215,82.87764,49.369228
62.05463,82.094398,40.891918
66.268135,71.14846,46.274563
73.803871,72.07811,52.486721
74.325996,83.544312,57.194248
67.511215,82.87764,49.369228
73.803871,72.07811,52.486721
83.436905,72.526291,56.491398
83.405975,83.757408,62.629337
74.325996,83.544312,57.194248
83.436905,72.526291,56.491398
95.135979,72.087616,56.74762
94.870979,83.159737,63.810432
83.405975,83.757408,62.629337
95.135979,72.087616,56.74762
106.197968,70.719208,53.522938
106.052292,81.751244,60.714386
94.870979,83.159737,63.810432
106.197968,70.719208,53.522938
115.262421,68.63826,48.095802
115.498451,79.739662,54.671669
106.052292,81.751244,60.714386
115.262421,68.63826,48.095802
122.908577,66.231194,42.30592
123.602592,77.45208,47.901421
115.498451,79.739662,54.671669
122.908577,66.231194,42.30592
129.616486,63.59201,36.711926
130.783432,74.961227,41.093876
123.602592,77.45208,47.901421
129.616486,63.59201,36.711926
135.740433,60.700821,31.346937
137.389389,72.241493,34.311928
130.783432,74.961227,41.093876
135.740433,60.700821,31.346937
141.532166,57.566227,26.311224
143.668503,69.291908,27.707771
137.389389,72.241493,34.311928
141.532166,57.566227,26.311224
147.238983,54.147865,21.780315
149.869812,66.061882,21.495411
143.668503,69.291908,27.707771
147.238983,54.147865,21.780315
153.104538,50.357716,17.946251
156.244064,62.454872,15.882482
149.869812,66.061882,21.495411
153.104538,50.357716,17.946251
159.298981,46.115303,14.758004
162.972229,58.391926,10.791808
156.244064,62.454872,15.882482
159.298981,46.115303,14.758004
166.405869,41.092167,13.139991
170.649948,53.516693,7.175706
162.972229,58.391926,10.791808
166.405869,41.092167,13.139991
175.720001,34.575901,15.989794
180.575516,47.025761,8.118449
170.649948,53.516693,7.175706
175.720001,34.575901,15.989794
185.820358,27.762976,23.630152
191.198517,40.074356,14.454765
180.575516,47.025761,8.118449
185.820358,27.762976,23.630152
193.726486,22.872265,34.082249
199.360306,34.900429,24.750071
191.198517,40.074356,14.454765
193.726486,22.872265,34.082249
199.649216,19.581974,45.075314
205.361176,31.270615,36.272388
199.360306,34.900429,24.750071
199.649216,19.581974,45.075314
204.493134,17.092592,55.305923
210.220154,28.450272,47.221687
205.361176,31.270615,36.272388
204.493134,17.092592,55.305923
208.674545,15.11579,65.222458
214.372147,26.141411,58.006252
210.220154,28.450272,47.221687
39.494186,75.624283,-26.110691
41.812469,76.574265,-16.147377
46.902409,89.602058,-23.002573
45.312138,88.906288,-34.262527
41.812469,76.574265,-16.147377
44.336308,77.52346,-6.267111
48.704529,90.297241,-11.807553
46.902409,89.602058,-23.002573
44.336308,77.52346,-6.267111
47.104771,78.469269,3.512154
50.758892,90.989433,-0.693593
48.704529,90.297241,-11.807553
47.104771,78.469269,3.512154
50.169121,79.407379,13.163129
53.118767,91.674698,10.31367
50.758892,90.989433,-0.693593
50.169121,79.407379,13.163129
53.602821,80.333801,22.661844
55.859386,92.34919,21.194695
53.118767,91.674698,10.31367
53.602821,80.333801,22.661844
57.509434,81.239037,31.955944
59.088139,93.004143,31.900105
55.859386,92.34919,21.194695
57.509434,81.239037,31.955944
62.05463,82.094398,40.891918
62.981834,93.614059,42.269596
59.088139,93.004143,31.900105
62.05463,82.094398,40.891918
67.511215,82.87764,49.369228
67.82061,94.157799,52.213917
62.981834,93.614059,42.269596
67.511215,82.87764,49.369228
74.325996,83.544312,57.194248
74.065338,94.593643,61.551617
67.82061,94.157799,52.213917
74.325996,83.544312,57.194248
83.405975,83.757408,62.629337
82.748352,94.628006,68.355026
74.065338,94.593643,61.551617
83.405975,83.757408,62.629337
94.870979,83.159737,63.810432
94.123482,93.956009,70.466026
82.748352,94.628006,68.355026
94.870979,83.159737,63.810432
106.052292,81.751244,60.714386
105.522224,92.596779,67.569832
94.123482,93.956009,70.466026
106.052292,81.751244,60.714386
115.498451,79.739662,54.671669
115.396042,90.732513,61.028637
105.522224,92.596779,67.569832
115.498451,79.739662,54.671669
123.602592,77.45208,47.901421
123.977432,88.628998,53.408859
115.396042,90.732513,61.028637
123.602592,77.45208,47.901421
130.783432,74.961227,41.093876
131.634979,86.339188,45.523087
123.977432,88.628998,53.408859
130.783432,74.961227,41.093876
137.389389,72.241493,34.311928
138.715057,83.834389,37.463894
131.634979,86.339188,45.523087
137.389389,72.241493,34.311928
143.668503,69.291908,27.707771
145.463974,81.106743,29.433363
138.715057,83.834389,37.463894
143.668503,69.291908,27.707771
149.869812,66.061882,21.495411
152.132141,78.097954,21.681984
145.463974,81.106743,29.433363
149.869812,66.061882,21.495411
156.244064,62.454872,15.882482
158.975372,74.705208,14.431879
152.132141,78.097954,21.681984
156.244064,62.454872,15.882482
162.972229,58.391926,10.791808
166.184708,70.852295,7.582189
158.975372,74.705208,14.431879
162.972229,58.391926,10.791808
170.649948,53.516693,7.175706
174.357941,66.158974,2.106956
166.184708,70.852295,7.582189
170.649948,53.516693,7.175706
180.575516,47.025761,8.118449
184.770599,59.740131,1.250679
174.357941,66.158974,2.106956
180.575516,47.025761,8.118449
191.198517,40.074356,14.454765
195.762558,52.705017,6.327248
184.770599,59.740131,1.250679
191.198517,40.074356,14.454765
199.360306,34.900429,24.750071
204.045975,47.296791,16.42374
195.762558,52.705017,6.327248
199.360306,34.900429,24.750071
205.361176,31.270615,36.272388
210.016342,43.36903,28.387993
204.045975,47.296791,16.42374
205.361176,31.270615,36.272388
210.220154,28.450272,47.221687
214.799637,40.254253,39.961224
210.016342,43.36903,28.387993
210.220154,28.450272,47.221687
214.372147,26.141411,58.006252
218.842148,37.647018,51.511703
214.799637,40.254253,39.961224
45.312138,88.906288,-34.262527
46.902409,89.602058,-23.002573
49.796139,102.261742,-28.708727
48.793549,101.818428,-41.057156
46.902409,89.602058,-23.002573
48.704529,90.297241,-11.807553
51.019241,102.706215,-16.407017
49.796139,102.261742,-28.708727
48.704529,90.297241,-11.807553
50.758892,90.989433,-0.693593
52.504955,103.149925,-4.166148
51.019241,102.706215,-16.407017
50.758892,90.989433,-0.693593
53.118767,91.674698,10.31367
54.308994,103.589661,7.990224
52.504955,103.149925,-4.166148
53.118767,91.674698,10.31367
55.859386,92.34919,21.194695
56.50919,104.022209,20.047134
54.308994,103.589661,7.990224
55.859386,92.34919,21.194695
59.088139,93.004143,31.900105
59.217674,104.440262,31.958855
56.50919,104.022209,20.047134
59.088139,93.004143,31.900105
62.981834,93.614059,42.269596
62.622967,104.822655,43.561089
59.217674,104.440262,31.958855
62.981834,93.614059,42.269596
67.82061,94.157799,52.213917
67.015335,105.151131,54.776947
62.622967,104.822655,43.561089
67.82061,94.157799,52.213917
74.065338,94.593643,61.551617
72.873886,105.389671,65.439774
67.015335,105.151131,54.776947
74.065338,94.593643,61.551617
82.748352,94.628006,68.355026
81.348007,105.294533,73.469612
72.873886,105.389671,65.439774
82.748352,94.628006,68.355026
94.123482,93.956009,70.466026
92.803947,104.614517,76.459389
81.348007,105.294533,73.469612
94.123482,93.956009,70.466026
105.522224,92.596779,67.569832
104.533012,103.370308,73.818039
92.803947,104.614517,76.459389
105.522224,92.596779,67.569832
115.396042,90.732513,61.028637
114.8834,101.708107,66.917458
104.533012,103.370308,73.818039
115.396042,90.732513,61.028637
123.977432,88.628998,53.408859
123.958786,99.833206,58.619713
114.8834,101.708107,66.917458
123.977432,88.628998,53.408859
131.634979,86.339188,45.523087
132.09137,97.780731,49.843513
123.958786,99.833206,58.619713
131.634979,86.339188,45.523087
138.715057,83.834389,37.463894
139.630005,95.521042,40.709225
132.09137,97.780731,49.843513
138.715057,83.834389,37.463894
145.463974,81.106743,29.433363
146.821976,93.041611,31.464188
139.630005,95.521042,40.709225
145.463974,81.106743,29.433363
152.132141,78.097954,21.681984
153.919128,90.278824,22.39142
146.821976,93.041611,31.464188
152.132141,78.097954,21.681984
158.975372,74.705208,14.431879
161.180466,87.125854,13.72563
153.919128,90.278824,22.39142
158.975372,74.705208,14.431879
166.184708,70.852295,7.582189
168.806244,83.510307,5.345854
161.180466,87.125854,13.72563
166.184708,70.852295,7.582189
174.357941,66.158974,2.106956
177.386795,79.033585,-1.759799
168.806244,83.510307,5.345854
174.357941,66.158974,2.106956
184.770599,59.740131,1.250679
188.15004,72.74308,-4.222106
177.386795,79.033585,-1.759799
184.770599,59.740131,1.250679
195.762558,52.705017,6.327248
199.349518,65.696266,-0.304065
188.15004,72.74308,-4.222106
195.762558,52.705017,6.327248
204.045975,47.296791,16.42374
207.620621,60.122105,9.556255
199.349518,65.696266,-0.304065
204.045975,47.296791,16.42374
210.016342,43.36903,28.387993
213.456573,55.956451,21.848713
207.620621,60.122105,9.556255
210.016342,43.36903,28.387993
214.799637,40.254253,39.961224
218.079422,52.600159,33.916286
213.456573,55.956451,21.848713
214.799637,40.254253,39.961224
218.842148,37.647018,51.511703
221.939331,49.74353,46.089031
218.079422,52.600159,33.916286
48.793549,101.818428,-41.057156
49.796139,102.261742,-28.708727
50.097214,114.62413,-32.729313
49.513306,114.41568,-45.881096
49.796139,102.261742,-28.708727
51.019241,102.706215,-16.407017
50.912975,114.836349,-19.606909
50.097214,114.62413,-32.729313
51.019241,102.706215,-16.407017
52.504955,103.149925,-4.166148
52.004814,115.051033,-6.525938
50.912975,114.836349,-19.606909
52.504955,103.149925,-4.166148
54.308994,103.589661,7.990224
53.431404,115.265892,6.49217
52.004814,115.051033,-6.525938
54.308994,103.589661,7.990224
56.50919,104.022209,20.047134
55.274082,115.478645,19.436905
53.431404,115.265892,6.49217
56.50919,104.022209,20.047134
59.217674,104.440262,31.958855
57.650742,115.683838,32.266693
55.274082,115.478645,19.436905
59.217674,104.440262,31.958855
62.622967,104.822655,43.561089
60.762192,115.865181,44.816387
57.650742,115.683838,32.266693
62.622967,104.822655,43.561089
67.015335,105.151131,54.776947
64.911957,116.008377,57.021866
60.762192,115.865181,44.816387
67.015335,105.151131,54.776947
72.873886,105.389671,65.439774
70.60199,116.084793,68.733086
64.911957,116.008377,57.021866
72.873886,105.389671,65.439774
81.348007,105.294533,73.469612
79.087952,115.90258,77.766014
70.60199,116.084793,68.733086
81.348007,105.294533,73.469612
92.803947,104.614517,76.459389
90.822159,115.262726,81.526077
79.087952,115.90258,77.766014
92.803947,104.614517,76.459389
104.533012,103.370308,73.818039
103.009026,114.175888,79.178078
90.822159,115.262726,81.526077
104.533012,103.370308,73.818039
114.8834,101.708107,66.917458
113.887413,112.747269,72.079819
103.009026,114.175888,79.178078
114.8834,101.708107,66.917458
123.958786,99.833206,58.619713
123.470467,111.125458,63.317497
113.887413,112.747269,72.079819
123.958786,99.833206,58.619713
132.09137,97.780731,49.843513
132.070343,109.330093,53.892555
123.470467,111.125458,63.317497
132.09137,97.780731,49.843513
139.630005,95.521042,40.709225
140.043747,107.332245,43.949471
132.070343,109.330093,53.892555
139.630005,95.521042,40.709225
146.821976,93.041611,31.464188
147.642242,105.116493,33.773495
140.043747,107.332245,43.949471
146.821976,93.041611,31.464188
153.919128,90.278824,22.39142
155.119629,102.61615,23.674265
147.642242,105.116493,33.773495
153.919128,90.278824,22.39142
161.180466,87.125854,13.72563
162.73645,99.72271,13.896304
155.119629,102.61615,23.674265
161.180466,87.125854,13.72563
168.806244,83.510307,5.345854
170.701096,96.368446,4.303299
162.73645,99.72271,13.896304
168.806244,83.510307,5.345854
177.386795,79.033585,-1.759799
179.587173,92.143547,-4.111756
170.701096,96.368446,4.303299
177.386795,79.033585,-1.759799
188.15004,72.74308,-4.222106
190.551743,86.047112,-7.899649
179.587173,92.143547,-4.111756
188.15004,72.74308,-4.222106
199.349518,65.696266,-0.304065
201.788864,79.078087,-4.980208
190.551743,86.047112,-7.899649
199.349518,65.696266,-0.304065
207.620621,60.122105,9.556255
209.913513,73.426163,4.611564
201.788864,79.078087,-4.980208
207.620621,60.122105,9.556255
213.456573,55.956451,21.848713
215.515808,69.101578,17.091534
209.913513,73.426163,4.611564
213.456573,55.956451,21.848713
218.079422,52.600159,33.916286
219.899445,65.573471,29.488207
215.515808,69.101578,17.091534
218.079422,52.600159,33.916286
221.939331,49.74353,46.089031
223.510712,62.53212,42.097019
219.899445,65.573471,29.488207
49.513306,114.41568,-45.881096
50.097214,114.62413,-32.729313
47.374786,126.737343,-34.471806
47.00872,126.728653,-48.056641
50.097214,114.62413,-32.729313
50.912975,114.836349,-19.606909
47.987041,126.752495,-20.900946
47.374786,126.737343,-34.471806
50.912975,114.836349,-19.606909
52.004814,115.051033,-6.525938
48.892326,126.773453,-7.354078
47.987041,126.752495,-20.900946
52.004814,115.051033,-6.525938
53.431404,115.265892,6.49217
50.152802,126.798874,6.149725
48.892326,126.773453,-7.354078
53.431404,115.265892,6.49217
55.274082,115.478645,19.436905
51.85437,126.827499,19.604025
50.152802,126.798874,6.149725
55.274082,115.478645,19.436905
57.650742,115.683838,32.266693
54.121803,126.855751,32.971695
51.85437,126.827499,19.604025
57.650742,115.683838,32.266693
60.762192,115.865181,44.816387
57.168701,126.872147,46.090305
54.121803,126.855751,32.971695
60.762192,115.865181,44.816387
64.911957,116.008377,57.021866
61.315365,126.866623,58.908161
57.168701,126.872147,46.090305
64.911957,116.008377,57.021866
70.60199,116.084793,68.733086
67.091759,126.818275,71.292847
61.315365,126.866623,58.908161
70.60199,116.084793,68.733086
79.087952,115.90258,77.766014
75.846039,126.584366,81.016052
67.091759,126.818275,71.292847
79.087952,115.90258,77.766014
90.822159,115.262726,81.526077
88.084938,126.01342,85.375298
75.846039,126.584366,81.016052
90.822159,115.262726,81.526077
103.009026,114.175888,79.178078
100.872574,125.10099,83.341583
88.084938,126.01342,85.375298
103.009026,114.175888,79.178078
113.887413,112.747269,72.079819
112.33255,123.912201,76.232742
100.872574,125.10099,83.341583
113.887413,112.747269,72.079819
123.470467,111.125458,63.317497
122.433006,122.54599,67.265656
112.33255,123.912201,76.232742
123.470467,111.125458,63.317497
132.070343,109.330093,53.892555
131.485306,121.009377,57.493198
122.433006,122.54599,67.265656
132.070343,109.330093,53.892555
140.043747,107.332245,43.949471
139.860199,119.275223,47.078335
131.485306,121.009377,57.493198
140.043747,107.332245,43.949471
147.642242,105.116493,33.773495
147.817535,117.326591,36.333927
139.860199,119.275223,47.078335
147.642242,105.116493,33.773495
155.119629,102.61615,23.674265
155.61412,115.095764,25.588158
147.817535,117.326591,36.333927
155.119629,102.61615,23.674265
162.73645,99.72271,13.896304
163.510468,112.475014,15.091681
155.61412,115.095764,25.588158
162.73645,99.72271,13.896304
170.701096,96.368446,4.303299
171.721954,109.401878,4.698859
163.510468,112.475014,15.091681
170.701096,96.368446,4.303299
179.587173,92.143547,-4.111756
180.796402,105.464233,-4.603287
171.721954,109.401878,4.698859
179.587173,92.143547,-4.111756
190.551743,86.047112,-7.899649
191.79837,99.637596,-9.340498
180.796402,105.464233,-4.603287
190.551743,86.047112,-7.899649
201.788864,79.078087,-4.980208
202.893524,92.854584,-7.195564
191.79837,99.637596,-9.340498
201.788864,79.078087,-4.980208
209.913513,73.426163,4.611564
210.736954,87.234604,2.100487
202.893524,92.854584,-7.195564
209.913513,73.426163,4.611564
215.515808,69.101578,17.091534
216.0112,82.850746,14.597446
210.736954,87.234604,2.100487
215.515808,69.101578,17.091534
219.899445,65.573471,29.488207
220.083176,79.238983,27.118656
216.0112,82.850746,14.597446
219.899445,65.573471,29.488207
223.510712,62.53212,42.097019
223.387268,76.094833,39.930466
220.083176,79.238983,27.118656
47.00872,126.728653,-48.056641
47.374786,126.737343,-34.471806
41.256332,138.624771,-33.392338
40.878418,138.763809,-46.961548
47.374786,126.737343,-34.471806
47.987041,126.752495,-20.900946
41.898014,138.494263,-19.824688
41.256332,138.624771,-33.392338
47.987041,126.752495,-20.900946
48.892326,126.773453,-7.354078
42.853413,138.372147,-6.266735
41.898014,138.494263,-19.824688
48.892326,126.773453,-7.354078
50.152802,126.798874,6.149725
44.18877,138.257904,7.264834
42.853413,138.372147,-6.266735
50.152802,126.798874,6.149725
51.85437,126.827499,19.604025
45.995674,138.151108,20.766981
44.18877,138.257904,7.264834
51.85437,126.827499,19.604025
54.121803,126.855751,32.971695
48.406963,138.04982,34.207127
45.995674,138.151108,20.766981
54.121803,126.855751,32.971695
57.168701,126.872147,46.090305
51.649456,137.946625,47.429451
48.406963,138.04982,34.207127
57.168701,126.872147,46.090305
61.315365,126.866623,58.908161
56.064007,137.835175,60.393585
51.649456,137.946625,47.429451
61.315365,126.866623,58.908161
67.091759,126.818275,71.292847
62.214088,137.70137,72.984856
56.064007,137.835175,60.393585
67.091759,126.818275,71.292847
75.846039,126.584366,81.016052
71.523613,137.444016,83.000984
62.214088,137.70137,72.984856
75.846039,126.584366,81.016052
88.084938,126.01342,85.375298
84.51725,136.951416,87.727928
71.523613,137.444016,83.000984
88.084938,126.01342,85.375298
100.872574,125.10099,83.341583
98.059998,136.205261,86.010902
84.51725,136.951416,87.727928
100.872574,125.10099,83.341583
112.33255,123.912201,76.232742
110.154823,135.237457,79.100456
98.059998,136.205261,86.010902
112.33255,123.912201,76.232742
122.433006,122.54599,67.265656
120.776985,134.107437,70.230362
110.154823,135.237457,79.100456
122.433006,122.54599,67.265656
131.485306,121.009377,57.493198
130.258789,132.812988,60.466286
120.776985,134.107437,70.230362
131.485306,121.009377,57.493198
139.860199,119.275223,47.078335
138.991928,131.329346,49.982128
130.258789,132.812988,60.466286
139.860199,119.275223,47.078335
147.817535,117.326591,36.333927
147.249268,129.638901,39.105286
138.991928,131.329346,49.982128
147.817535,117.326591,36.333927
155.61412,115.095764,25.588158
155.291931,127.67485,28.172325
147.249268,129.638901,39.105286
155.61412,115.095764,25.588158
163.510468,112.475014,15.091681
163.379166,125.332672,17.435493
155.291931,127.67485,28.172325
163.510468,112.475014,15.091681
171.721954,109.401878,4.698859
171.731918,122.555626,6.74704
163.379166,125.332672,17.435493
171.721954,109.401878,4.698859
180.796402,105.464233,-4.603287
180.86377,118.939697,-2.924298
171.731918,122.555626,6.74704
180.796402,105.464233,-4.603287
191.79837,99.637596,-9.340498
191.727158,113.466606,-8.143356
180.86377,118.939697,-2.924298
191.79837,99.637596,-9.340498
202.893524,92.854584,-7.195564
202.494156,106.994186,-6.48681
191.727158,113.466606,-8.143356
202.893524,92.854584,-7.195564
210.736954,87.234604,2.100487
209.923752,101.535286,2.492937
202.494156,106.994186,-6.48681
210.736954,87.234604,2.100487
216.0112,82.850746,14.597446
214.782578,97.210754,14.809822
209.923752,101.535286,2.492937
216.0112,82.850746,14.597446
220.083176,79.238983,27.118656
218.478592,93.620468,27.215326
214.782578,97.210754,14.809822
220.083176,79.238983,27.118656
223.387268,76.094833,39.930466
221.426041,90.471405,39.954159
218.478592,93.620468,27.215326
40.878418,138.763809,-46.961548
41.256332,138.624771,-33.392338
32.011871,150.291016,-29.686825
31.406111,150.524338,-42.819031
41.256332,138.624771,-33.392338
41.898014,138.494263,-19.824688
32.901688,150.067429,-16.547319
32.011871,150.291016,-29.686825
41.898014,138.494263,-19.824688
42.853413,138.372147,-6.266735
34.129036,149.853851,-3.407029
32.901688,150.067429,-16.547319
42.853413,138.372147,-6.266735
44.18877,138.257904,7.264834
35.764702,149.65033,9.719632
34.129036,149.853851,-3.407029
44.18877,138.257904,7.264834
45.995674,138.151108,20.766981
37.90691,149.457123,22.832197
35.764702,149.65033,9.719632
45.995674,138.151108,20.766981
48.406963,138.04982,34.207127
40.697529,149.273529,35.90247
37.90691,149.457123,22.832197
48.406963,138.04982,34.207127
51.649456,137.946625,47.429451
44.376751,149.095276,48.784515
40.697529,149.273529,35.90247
51.649456,137.946625,47.429451
56.064007,137.835175,60.393585
49.309135,148.918945,61.44762
44.376751,149.095276,48.784515
56.064007,137.835175,60.393585
62.214088,137.70137,72.984856
56.096184,148.735947,73.793938
49.309135,148.918945,61.44762
62.214088,137.70137,72.984856
71.523613,137.444016,83.000984
66.22036,148.477798,83.71209
56.096184,148.735947,73.793938
71.523613,137.444016,83.000984
84.51725,136.951416,87.727928
80.189545,148.064331,88.568069
66.22036,148.477798,83.71209
84.51725,136.951416,87.727928
98.059998,136.205261,86.010902
94.61808,147.466797,87.152733
80.189545,148.064331,88.568069
98.059998,136.205261,86.010902
110.154823,135.237457,79.100456
107.385559,146.692307,80.627533
94.61808,147.466797,87.152733
110.154823,135.237457,79.100456
120.776985,134.107437,70.230362
118.523285,145.771301,72.134857
107.385559,146.692307,80.627533
120.776985,134.107437,70.230362
130.258789,132.812988,60.466286
128.404602,144.695618,62.71603
118.523285,145.771301,72.134857
130.258789,132.812988,60.466286
138.991928,131.329346,49.982128
137.448227,143.44313,52.548161
128.404602,144.695618,62.71603
138.991928,131.329346,49.982128
147.249268,129.638901,39.105286
145.94429,141.996201,41.959877
137.448227,143.44313,52.548161
147.249268,129.638901,39.105286
155.291931,127.67485,28.172325
154.159637,140.290604,31.285954
145.94429,141.996201,41.959877
155.291931,127.67485,28.172325
163.379166,125.332672,17.435493
162.351227,138.227249,20.775696
154.159637,140.290604,31.285954
163.379166,125.332672,17.435493
171.731918,122.555626,6.74704
170.744232,135.75531,10.28618
162.351227,138.227249,20.775696
171.731918,122.555626,6.74704
180.86377,118.939697,-2.924298
179.811249,132.488831,0.756881
170.744232,135.75531,10.28618
180.86377,118.939697,-2.924298
191.727158,113.466606,-8.143356
190.378326,127.444229,-4.47572
179.811249,132.488831,0.756881
191.727158,113.466606,-8.143356
202.494156,106.994186,-6.48681
200.655945,121.39743,-3.01223
190.378326,127.444229,-4.47572
202.494156,106.994186,-6.48681
209.923752,101.535286,2.492937
207.562927,116.221191,5.645555
200.655945,121.39743,-3.01223
209.923752,101.535286,2.492937
214.782578,97.210754,14.809822
211.93956,112.068871,17.601797
207.562927,116.221191,5.645555
214.782578,97.210754,14.809822
218.478592,93.620468,27.215326
215.212997,108.600479,29.666798
211.93956,112.068871,17.601797
218.478592,93.620468,27.215326
221.426041,90.471405,39.954159
217.77037,105.540329,42.071728
215.212997,108.600479,29.666798
31.406111,150.524338,-42.819031
32.011871,150.291016,-29.686825
20.221743,161.735413,-23.911251
19.206615,162.015915,-36.263935
32.011871,150.291016,-29.686825
32.901688,150.067429,-16.547319
21.543043,161.465042,-11.546274
20.221743,161.735413,-23.911251
32.901688,150.067429,-16.547319
34.129036,149.853851,-3.407029
23.227785,161.205368,0.825763
21.543043,161.465042,-11.546274
34.129036,149.853851,-3.407029
35.764702,149.65033,9.719632
25.351587,160.956848,13.192451
23.227785,161.205368,0.825763
35.764702,149.65033,9.719632
37.90691,149.457123,22.832197
28.019958,160.720154,25.554974
25.351587,160.956848,13.192451
37.90691,149.457123,22.832197
40.697529,149.273529,35.90247
31.384398,160.495483,37.889046
28.019958,160.720154,25.554974
40.697529,149.273529,35.90247
44.376751,149.095276,48.784515
35.698261,160.280853,50.060879
31.384398,160.495483,37.889046
44.376751,149.095276,48.784515
49.309135,148.918945,61.44762
41.351933,160.075073,62.047234
35.698261,160.280853,50.060879
49.309135,148.918945,61.44762
56.096184,148.735947,73.793938
48.987885,159.873611,73.765129
41.351933,160.075073,62.047234
56.096184,148.735947,73.793938
66.22036,148.477798,83.71209
60.130684,159.632614,83.24575
48.987885,159.873611,73.765129
66.22036,148.477798,83.71209
80.189545,148.064331,88.568069
75.241745,159.295746,88.011459
60.130684,159.632614,83.24575
80.189545,148.064331,88.568069
94.61808,147.466797,87.152733
90.646515,158.827484,86.866463
75.241745,159.295746,88.011459
94.61808,147.466797,87.152733
107.385559,146.692307,80.627533
104.102074,158.218094,80.870003
90.646515,158.827484,86.866463
107.385559,146.692307,80.627533
118.523285,145.771301,72.134857
115.736732,157.478378,72.983063
104.102074,158.218094,80.870003
118.523285,145.771301,72.134857
128.404602,144.695618,62.71603
125.981255,156.597031,64.191322
115.736732,157.478378,72.983063
128.404602,144.695618,62.71603
137.448227,143.44313,52.548161
135.286026,155.554749,54.668018
125.981255,156.597031,64.191322
137.448227,143.44313,52.548161
145.94429,141.996201,41.959877
143.961655,154.334366,44.730824
135.286026,155.554749,54.668018
145.94429,141.996201,41.959877
154.159637,140.290604,31.285954
152.281967,152.875626,34.703457
143.961655,154.334366,44.730824
154.159637,140.290604,31.285954
162.351227,138.227249,20.775696
160.500854,151.086639,24.82826
152.281967,152.875626,34.703457
162.351227,138.227249,20.775696
170.744232,135.75531,10.28618
168.846512,148.922623,14.973069
160.500854,151.086639,24.82826
170.744232,135.75531,10.28618
179.811249,132.488831,0.756881
177.746323,146.023987,6.03978
168.846512,148.922623,14.973069
179.811249,132.488831,0.756881
190.378326,127.444229,-4.47572
187.892044,141.466019,1.217848
177.746323,146.023987,6.03978
190.378326,127.444229,-4.47572
200.655945,121.39743,-3.01223
197.559036,135.93779,2.766296
187.892044,141.466019,1.217848
200.655945,121.39743,-3.01223
207.562927,116.221191,5.645555
203.868576,131.145126,11.115046
197.559036,135.93779,2.766296
207.562927,116.221191,5.645555
211.93956,112.068871,17.601797
207.723053,127.260178,22.567413
203.868576,131.145126,11.115046
211.93956,112.068871,17.601797
215.212997,108.600479,29.666798
210.549225,123.998787,34.107445
207.723053,127.260178,22.567413
215.212997,108.600479,29.666798
217.77037,105.540329,42.071728
212.702118,121.107422,45.960903
210.549225,123.998787,34.107445
19.206615,162.015915,-36.263935
20.221743,161.735413,-23.911251
6.560864,172.962341,-16.736155
4.996074,173.252075,-28.06233
20.221743,161.735413,-23.911251
21.543043,161.465042,-11.546274
8.454787,172.682526,-5.396732
6.560864,172.962341,-16.736155
21.543043,161.465042,-11.546274
23.227785,161.205368,0.825763
10.739022,172.413315,5.951555
8.454787,172.682526,-5.396732
23.227785,161.205368,0.825763
25.351587,160.956848,13.192451
13.494104,172.155441,17.297894
10.739022,172.413315,5.951555
25.351587,160.956848,13.192451
28.019958,160.720154,25.554974
16.83316,171.909851,28.644133
13.494104,172.155441,17.297894
28.019958,160.720154,25.554974
31.384398,160.495483,37.889046
20.917517,171.677292,39.969154
16.83316,171.909851,28.644133
31.384398,160.495483,37.889046
35.698261,160.280853,50.060879
26.013107,171.457397,51.15239
20.917517,171.677292,39.969154
35.698261,160.280853,50.060879
41.351933,160.075073,62.047234
32.537125,171.250458,62.175491
26.013107,171.457397,51.15239
41.351933,160.075073,62.047234
48.987885,159.873611,73.765129
41.174225,171.055008,72.967377
32.537125,171.250458,62.175491
48.987885,159.873611,73.765129
60.130684,159.632614,83.24575
53.47591,170.844772,81.737808
41.174225,171.055008,72.967377
60.130684,159.632614,83.24575
75.241745,159.295746,88.011459
69.833572,170.580826,86.223129
53.47591,170.844772,81.737808
75.241745,159.295746,88.011459
90.646515,158.827484,86.866463
86.260559,170.223953,85.302094
69.833572,170.580826,86.223129
90.646515,158.827484,86.866463
104.102074,158.218094,80.870003
100.39592,169.754089,79.92823
86.260559,170.223953,85.302094
104.102074,158.218094,80.870003
115.736732,157.478378,72.983063
112.496536,169.170227,72.813431
100.39592,169.754089,79.92823
115.736732,157.478378,72.983063
125.981255,156.597031,64.191322
123.062576,168.460175,64.863785
112.496536,169.170227,72.813431
125.981255,156.597031,64.191322
135.286026,155.554749,54.668018
132.57901,167.607483,56.242493
123.062576,168.460175,64.863785
135.286026,155.554749,54.668018
143.961655,154.334366,44.730824
141.379135,166.595932,47.245693
132.57901,167.607483,56.242493
143.961655,154.334366,44.730824
152.281967,152.875626,34.703457
149.744583,165.37027,38.178112
141.379135,166.595932,47.245693
152.281967,152.875626,34.703457
160.500854,151.086639,24.82826
157.925873,163.847244,29.271706
149.744583,165.37027,38.178112
160.500854,151.086639,24.82826
168.846512,148.922623,14.973069
166.153122,161.988068,20.409769
157.925873,163.847244,29.271706
168.846512,148.922623,14.973069
177.746323,146.023987,6.03978
174.806702,159.465851,12.451373
166.153122,161.988068,20.409769
177.746323,146.023987,6.03978
187.892044,141.466019,1.217848
184.443085,155.433563,8.403964
174.806702,159.465851,12.451373
187.892044,141.466019,1.217848
197.559036,135.93779,2.766296
193.422211,150.491013,10.287886
184.443085,155.433563,8.403964
197.559036,135.93779,2.766296
203.868576,131.145126,11.115046
199.095734,146.15802,18.359449
193.422211,150.491013,10.287886
203.868576,131.145126,11.115046
207.723053,127.260178,22.567413
202.415924,142.613846,29.20849
199.095734,146.15802,18.359449
207.723053,127.260178,22.567413
210.549225,123.998787,34.107445
204.792618,139.625748,40.087399
202.415924,142.613846,29.20849
210.549225,123.998787,34.107445
212.702118,121.107422,45.960903
206.545761,136.965851,51.22438
204.792618,139.625748,40.087399
4.996074,173.252075,-28.06233
6.560864,172.962341,-16.736155
-8.32201,183.976044,-8.801221
-10.537019,184.24585,-18.945351
6.560864,172.962341,-16.736155
8.454787,172.682526,-5.396732
-5.754988,183.715454,1.352922
-8.32201,183.976044,-8.801221
8.454787,172.682526,-5.396732
10.739022,172.413315,5.951555
-2.77091,183.464844,11.513047
-5.754988,183.715454,1.352922
10.739022,172.413315,5.951555
13.494104,172.155441,17.297894
0.715589,183.225021,21.669388
-2.77091,183.464844,11.513047
13.494104,172.155441,17.297894
16.83316,171.909851,28.644133
4.825253,182.99707,31.823416
0.715589,183.225021,21.669388
16.83316,171.909851,28.644133
20.917517,171.677292,39.969154
9.729083,182.782074,41.956173
4.825253,182.99707,31.823416
20.917517,171.677292,39.969154
26.013107,171.457397,51.15239
15.704634,182.580643,51.960285
9.729083,182.782074,41.956173
26.013107,171.457397,51.15239
32.537125,171.250458,62.175491
23.195822,182.394089,61.819324
15.704634,182.580643,51.960285
32.537125,171.250458,62.175491
41.174225,171.055008,72.967377
32.929043,182.222992,71.470192
23.195822,182.394089,61.819324
41.174225,171.055008,72.967377
53.47591,170.844772,81.737808
46.468872,182.052917,79.322334
32.929043,182.222992,71.470192
53.47591,170.844772,81.737808
69.833572,170.580826,86.223129
64.119041,181.857056,83.365646
46.468872,182.052917,79.322334
69.833572,170.580826,86.223129
86.260559,170.223953,85.302094
81.571877,181.594971,82.608208
64.119041,181.857056,83.365646
86.260559,170.223953,85.302094
100.39592,169.754089,79.92823
96.356407,181.241608,77.903381
81.571877,181.594971,82.608208
100.39592,169.754089,79.92823
112.496536,169.170227,72.813431
108.880447,180.790344,71.667778
96.356407,181.241608,77.903381
112.496536,169.170227,72.813431
123.062576,168.460175,64.863785
119.721413,180.229828,64.710938
108.880447,180.790344,71.667778
123.062576,168.460175,64.863785
132.57901,167.607483,56.242493
129.400162,179.546494,57.180855
119.721413,180.229828,64.710938
132.57901,167.607483,56.242493
141.379135,166.595932,47.245693
138.273819,178.725372,49.343044
129.400162,179.546494,57.180855
141.379135,166.595932,47.245693
149.744583,165.37027,38.178112
146.632416,177.717041,41.476616
138.273819,178.725372,49.343044
149.744583,165.37027,38.178112
157.925873,163.847244,29.271706
154.723038,176.447784,33.800331
146.632416,177.717041,41.476616
157.925873,163.847244,29.271706
166.153122,161.988068,20.409769
162.776764,174.88472,26.21644
154.723038,176.447784,33.800331
166.153122,161.988068,20.409769
174.806702,159.465851,12.451373
171.127716,172.738129,19.538874
162.776764,174.88472,26.21644
174.806702,159.465851,12.451373
184.443085,155.433563,8.403964
180.20224,169.25235,16.570881
171.127716,172.738129,19.538874
184.443085,155.433563,8.403964
193.422211,150.491013,10.287886
188.458328,164.937744,19.013479
180.20224,169.25235,16.570881
193.422211,150.491013,10.287886
199.095734,146.15802,18.359449
193.491852,161.116623,26.857412
188.458328,164.937744,19.013479
199.095734,146.15802,18.359449
202.415924,142.613846,29.20849
196.292038,157.965759,37.045559
193.491852,161.116623,26.857412
202.415924,142.613846,29.20849
204.792618,139.625748,40.087399
198.238342,155.299057,47.17355
196.292038,157.965759,37.045559
204.792618,139.625748,40.087399
206.545761,136.965851,51.22438
199.614624,152.916733,57.479584
198.238342,155.299057,47.17355
-10.537019,184.24585,-18.945351
-8.32201,183.976044,-8.801221
-23.820253,194.779663,-0.696374
-26.748877,195.008392,-9.587595
-8.32201,183.976044,-8.801221
-5.754988,183.715454,1.352922
-20.517677,194.559097,8.197311
-23.820253,194.779663,-0.696374
-5.754988,183.715454,1.352922
-2.77091,183.464844,11.513047
-16.772427,194.347412,17.089214
-20.517677,194.559097,8.197311
-2.77091,183.464844,11.513047
0.715589,183.225021,21.669388
-12.494575,194.145447,25.969942
-16.772427,194.347412,17.089214
0.715589,183.225021,21.669388
4.825253,182.99707,31.823416
-7.556036,193.954285,34.839504
-12.494575,194.145447,25.969942
4.825253,182.99707,31.823416
9.729083,182.782074,41.956173
-1.776658,193.775162,43.679844
-7.556036,193.954285,34.839504
9.729083,182.782074,41.956173
15.704634,182.580643,51.960285
5.13148,193.609161,52.395737
-1.776658,193.775162,43.679844
15.704634,182.580643,51.960285
23.195822,182.394089,61.819324
13.637918,193.45816,60.96936
5.13148,193.609161,52.395737
23.195822,182.394089,61.819324
32.929043,182.222992,71.470192
24.508814,193.32399,69.340836
13.637918,193.45816,60.96936
32.929043,182.222992,71.470192
46.468872,182.052917,79.322334
39.309204,193.199417,76.126503
24.508814,193.32399,69.340836
46.468872,182.052917,79.322334
64.119041,181.857056,83.365646
58.243061,193.065338,79.592712
39.309204,193.199417,76.126503
64.119041,181.857056,83.365646
81.571877,181.594971,82.608208
76.686104,192.882294,78.925598
58.243061,193.065338,79.592712
81.571877,181.594971,82.608208
96.356407,181.241608,77.903381
92.068466,192.62442,74.89222
76.686104,192.882294,78.925598
96.356407,181.241608,77.903381
108.880447,180.790344,71.667778
104.962807,192.284225,69.587662
92.068466,192.62442,74.89222
108.880447,180.790344,71.667778
119.721413,180.229828,64.710938
116.027687,191.852493,63.714485
104.962807,192.284225,69.587662
119.721413,180.229828,64.710938
129.400162,179.546494,57.180855
125.819664,191.31839,57.401134
116.027687,191.852493,63.714485
129.400162,179.546494,57.180855
138.273819,178.725372,49.343044
134.719833,190.668503,50.874943
125.819664,191.31839,57.401134
138.273819,178.725372,49.343044
146.632416,177.717041,41.476616
143.026947,189.859741,44.383923
134.719833,190.668503,50.874943
146.632416,177.717041,41.476616
154.723038,176.447784,33.800331
150.98497,188.828476,38.13142
143.026947,189.859741,44.383923
154.723038,176.447784,33.800331
162.776764,174.88472,26.21644
158.825043,187.547501,32.041039
150.98497,188.828476,38.13142
162.776764,174.88472,26.21644
171.127716,172.738129,19.538874
166.838043,185.766968,26.881939
158.825043,187.547501,32.041039
171.127716,172.738129,19.538874
180.20224,169.25235,16.570881
175.331421,182.831451,25.242903
166.838043,185.766968,26.881939
180.20224,169.25235,16.570881
188.458328,164.937744,19.013479
182.868637,179.163925,28.441517
175.331421,182.831451,25.242903
188.458328,164.937744,19.013479
193.491852,161.116623,26.857412
187.290375,175.884567,36.123615
182.868637,179.163925,28.441517
193.491852,161.116623,26.857412
196.292038,157.965759,37.045559
189.609543,173.160034,45.632191
187.290375,175.884567,36.123615
196.292038,157.965759,37.045559
198.238342,155.299057,47.17355
191.164398,170.845993,54.962574
189.609543,173.160034,45.632191
198.238342,155.299057,47.17355
199.614624,152.916733,57.479584
192.203659,168.771851,64.370255
191.164398,170.845993,54.962574
-26.748877,195.008392,-9.587595
-23.820253,194.779663,-0.696374
-39.357273,205.374725,7.022015
-43.027393,205.548996,-0.625712
-23.820253,194.779663,-0.696374
-20.517677,194.559097,8.197311
-35.292999,205.207306,14.660272
-39.357273,205.374725,7.022015
-20.517677,194.559097,8.197311
-16.772427,194.347412,17.089214
-30.762493,205.047394,22.28397
-35.292999,205.207306,14.660272
-16.772427,194.347412,17.089214
-12.494575,194.145447,25.969942
-25.67169,204.895752,29.883314
-30.762493,205.047394,22.28397
-12.494575,194.145447,25.969942
-7.556036,193.954285,34.839504
-19.885714,204.753418,37.455719
-25.67169,204.895752,29.883314
-7.556036,193.954285,34.839504
-1.776658,193.775162,43.679844
-13.216091,204.621567,44.982578
-19.885714,204.753418,37.455719
-1.776658,193.775162,43.679844
5.13148,193.609161,52.395737
-5.366099,204.501404,52.378807
-13.216091,204.621567,44.982578
5.13148,193.609161,52.395737
13.637918,193.45816,60.96936
4.157398,204.39505,59.621597
-5.366099,204.501404,52.378807
13.637918,193.45816,60.96936
24.508814,193.32399,69.340836
16.156935,204.304886,66.648758
4.157398,204.39505,59.621597
24.508814,193.32399,69.340836
39.309204,193.199417,76.126503
32.186665,204.227295,72.277657
16.156935,204.304886,66.648758
39.309204,193.199417,76.126503
58.243061,193.065338,79.592712
52.344021,204.147568,75.05809
32.186665,204.227295,72.277657
58.243061,193.065338,79.592712
76.686104,192.882294,78.925598
71.704994,204.028854,74.396713
52.344021,204.147568,75.05809
76.686104,192.882294,78.925598
92.068466,192.62442,74.89222
87.614891,203.847656,70.995857
71.704994,204.028854,74.396713
92.068466,192.62442,74.89222
104.962807,192.284225,69.587662
100.81691,203.598938,66.621841
87.614891,203.847656,70.995857
104.962807,192.284225,69.587662
116.027687,191.852493,63.714485
112.050995,203.276382,61.866043
100.81691,203.598938,66.621841
116.027687,191.852493,63.714485
125.819664,191.31839,57.401134
121.907799,202.871796,56.833881
112.050995,203.276382,61.866043
125.819664,191.31839,57.401134
134.719833,190.668503,50.874943
130.791595,202.373428,51.708363
121.907799,202.871796,56.833881
134.719833,190.668503,50.874943
143.026947,189.859741,44.383923
139.009979,201.744751,46.702148
130.791595,202.373428,51.708363
143.026947,189.859741,44.383923
150.98497,188.828476,38.13142
146.804276,200.93248,42.001518
139.009979,201.744751,46.702148
150.98497,188.828476,38.13142
158.825043,187.547501,32.041039
154.405029,199.914658,37.552719
146.804276,200.93248,42.001518
158.825043,187.547501,32.041039
166.838043,185.766968,26.881939
162.064911,198.482437,34.08308
154.405029,199.914658,37.552719
166.838043,185.766968,26.881939
175.331421,182.831451,25.242903
169.989136,196.084808,33.967922
162.064911,198.482437,34.08308
175.331421,182.831451,25.242903
182.868637,179.163925,28.441517
176.848373,193.061493,38.093513
169.989136,196.084808,33.967922
182.868637,179.163925,28.441517
187.290375,175.884567,36.123615
180.716522,190.332581,45.69413
176.848373,193.061493,38.093513
187.290375,175.884567,36.123615
189.609543,173.160034,45.632191
182.616348,188.048737,54.541168
180.716522,190.332581,45.69413
189.609543,173.160034,45.632191
191.164398,170.845993,54.962574
183.836929,186.102325,63.068249
182.616348,188.048737,54.541168
191.164398,170.845993,54.962574
192.203659,168.771851,64.370255
184.594437,184.352158,71.555054
183.836929,186.102325,63.068249
-43.027393,205.548996,-0.625712
-39.357273,205.374725,7.022015
-54.39027,215.76123,13.835218
-58.796196,215.875076,7.346329
-39.357273,205.374725,7.022015
-35.292999,205.207306,14.660272
-49.572483,215.652817,20.298292
-54.39027,215.76123,13.835218
-35.292999,205.207306,14.660272
-30.762493,205.047394,22.28397
-44.267818,215.550385,26.728947
-49.572483,215.652817,20.298292
-30.762493,205.047394,22.28397
-25.67169,204.895752,29.883314
-38.378647,215.454575,33.116104
-44.267818,215.550385,26.728947
-25.67169,204.895752,29.883314
-19.885714,204.753418,37.455719
-31.764111,215.366287,39.453449
-38.378647,215.454575,33.116104
-19.885714,204.753418,37.455719
-13.216091,204.621567,44.982578
-24.228542,215.286545,45.720165
-31.764111,215.366287,39.453449
-13.216091,204.621567,44.982578
-5.366099,204.501404,52.378807
-15.468237,215.216461,51.83844
-24.228542,215.286545,45.720165
-5.366099,204.501404,52.378807
4.157398,204.39505,59.621597
-4.969353,215.158035,57.776642
-15.468237,215.216461,51.83844
4.157398,204.39505,59.621597
16.156935,204.304886,66.648758
8.102322,215.1138,63.464077
-4.969353,215.158035,57.776642
16.156935,204.304886,66.648758
32.186665,204.227295,72.277657
25.280012,215.081085,67.90107
8.102322,215.1138,63.464077
32.186665,204.227295,72.277657
52.344021,204.147568,75.05809
46.552891,215.047256,69.912811
25.280012,215.081085,67.90107
52.344021,204.147568,75.05809
71.704994,204.028854,74.396713
66.72567,214.979294,69.162743
46.552891,215.047256,69.912811
71.704994,204.028854,74.396713
87.614891,203.847656,70.995857
83.075493,214.858139,66.317055
66.72567,214.979294,69.162743
87.614891,203.847656,70.995857
100.81691,203.598938,66.621841
96.51416,214.683258,62.823948
83.075493,214.858139,66.317055
100.81691,203.598938,66.621841
112.050995,203.276382,61.866043
107.859703,214.451569,59.165287
96.51416,214.683258,62.823948
112.050995,203.276382,61.866043
121.907799,202.871796,56.833881
117.733932,214.157227,55.420849
107.859703,214.451569,59.165287
121.907799,202.871796,56.833881
130.791595,202.373428,51.708363
126.562698,213.790298,51.724602
117.733932,214.157227,55.420849
130.791595,202.373428,51.708363
139.009979,201.744751,46.702148
134.662277,213.320801,48.250729
126.562698,213.790298,51.724602
139.009979,201.744751,46.702148
146.804276,200.93248,42.001518
142.272125,212.705566,45.167336
134.662277,213.320801,48.250729
146.804276,200.93248,42.001518
154.405029,199.914658,37.552719
149.621613,211.927536,42.443611
142.272125,212.705566,45.167336
154.405029,199.914658,37.552719
162.064911,198.482437,34.08308
156.932236,210.818298,40.770329
149.621613,211.927536,42.443611
162.064911,198.482437,34.08308
169.989136,196.084808,33.967922
164.328568,208.931122,42.320942
156.932236,210.818298,40.770329
169.989136,196.084808,33.967922
176.848373,193.061493,38.093513
170.58493,206.528442,47.518177
164.328568,208.931122,42.320942
176.848373,193.061493,38.093513
180.716522,190.332581,45.69413
173.98526,204.338516,55.130611
170.58493,206.528442,47.518177
180.716522,190.332581,45.69413
182.616348,188.048737,54.541168
175.548203,202.492096,63.368477
173.98526,204.338516,55.130611
182.616348,188.048737,54.541168
183.836929,186.102325,63.068249
176.508301,200.912949,71.125084
175.548203,202.492096,63.368477
183.836929,186.102325,63.068249
184.594437,184.352158,71.555054
177.053345,199.488434,78.710869
176.508301,200.912949,71.125084
-58.796196,215.875076,7.346329
-54.39027,215.76123,13.835218
-68.427635,225.937088,19.281374
-73.533081,225.991302,13.799106
-54.39027,215.76123,13.835218
-49.572483,215.652817,20.298292
-62.895748,225.886887,24.717094
-68.427635,225.937088,19.281374
-49.572483,215.652817,20.298292
-44.267818,215.550385,26.728947
-56.860016,225.841125,30.097445
-62.895748,225.886887,24.717094
-44.267818,215.550385,26.728947
-38.378647,215.454575,33.116104
-50.219948,225.800278,35.409111
-56.860016,225.841125,30.097445
-38.378647,215.454575,33.116104
-31.764111,215.366287,39.453449
-42.829712,225.76506,40.640884
-50.219948,225.800278,35.409111
-31.764111,215.366287,39.453449
-24.228542,215.286545,45.720165
-34.487843,225.736328,45.767948
-42.829712,225.76506,40.640884
-24.228542,215.286545,45.720165
-15.468237,215.216461,51.83844
-24.885695,225.714859,50.716137
-34.487843,225.736328,45.767948
-15.468237,215.216461,51.83844
-4.969353,215.158035,57.776642
-13.492369,225.702408,55.440968
-24.885695,225.714859,50.716137
-4.969353,215.158035,57.776642
8.102322,215.1138,63.464077
0.552183,225.701263,59.856544
-13.492369,225.702408,55.440968
8.102322,215.1138,63.464077
25.280012,215.081085,67.90107
18.75149,225.708084,63.117126
0.552183,225.701263,59.856544
25.280012,215.081085,67.90107
46.552891,215.047256,69.912811
40.989361,225.7108,64.301659
18.75149,225.708084,63.117126
46.552891,215.047256,69.912811
66.72567,214.979294,69.162743
61.837982,225.681122,63.36055
40.989361,225.7108,64.301659
66.72567,214.979294,69.162743
83.075493,214.858139,66.317055
78.525223,225.605499,60.958523
61.837982,225.681122,63.36055
83.075493,214.858139,66.317055
96.51416,214.683258,62.823948
92.122505,225.488708,58.252438
78.525223,225.605499,60.958523
96.51416,214.683258,62.823948
107.859703,214.451569,59.165287
103.519531,225.330826,55.6217
92.122505,225.488708,58.252438
107.859703,214.451569,59.165287
117.733932,214.157227,55.420849
113.365196,225.128052,53.118614
103.519531,225.330826,55.6217
117.733932,214.157227,55.420849
126.562698,213.790298,51.724602
122.104507,224.872253,50.824734
113.365196,225.128052,53.118614
126.562698,213.790298,51.724602
134.662277,213.320801,48.250729
130.062027,224.539841,48.873745
122.104507,224.872253,50.824734
134.662277,213.320801,48.250729
142.272125,212.705566,45.167336
137.47641,224.097214,47.414978
130.062027,224.539841,48.873745
142.272125,212.705566,45.167336
149.621613,211.927536,42.443611
144.575378,223.531677,46.439915
137.47641,224.097214,47.414978
149.621613,211.927536,42.443611
156.932236,210.818298,40.770329
151.557877,222.713348,46.610161
144.575378,223.531677,46.439915
156.932236,210.818298,40.770329
164.328568,208.931122,42.320942
158.493835,221.295593,49.918419
151.557877,222.713348,46.610161
164.328568,208.931122,42.320942
170.58493,206.528442,47.518177
164.252792,219.471283,56.306316
158.493835,221.295593,49.918419
170.58493,206.528442,47.518177
173.98526,204.338516,55.130611
167.295334,217.790695,64.034607
164.252792,219.471283,56.306316
173.98526,204.338516,55.130611
175.548203,202.492096,63.368477
168.621979,216.362259,71.746384
167.295334,217.790695,64.034607
175.548203,202.492096,63.368477
176.508301,200.912949,71.125084
169.40976,215.135971,78.80014
168.621979,216.362259,71.746384
176.508301,200.912949,71.125084
177.053345,199.488434,78.710869
169.8237,214.025955,85.543175
169.40976,215.135971,78.80014
-73.533081,225.991302,13.799106
-68.427635,225.937088,19.281374
-81.033722,235.898911,22.958942
-86.77507,235.90033,18.27173
-68.427635,225.937088,19.281374
-62.895748,225.886887,24.717094
-74.855034,235.900162,27.574572
-81.033722,235.898911,22.958942
-62.895748,225.886887,24.717094
-56.860016,225.841125,30.097445
-68.159859,235.904358,32.106842
-74.855034,235.900162,27.574572
-56.860016,225.841125,30.097445
-50.219948,225.800278,35.409111
-60.845634,235.911865,36.539192
-68.159859,235.904358,32.106842
-50.219948,225.800278,35.409111
-42.829712,225.76506,40.640884
-52.762783,235.923218,40.854385
-60.845634,235.911865,36.539192
-42.829712,225.76506,40.640884
-34.487843,225.736328,45.767948
-43.705635,235.938965,45.021687
-52.762783,235.923218,40.854385
-34.487843,225.736328,45.767948
-24.885695,225.714859,50.716137
-33.362835,235.959579,48.966297
-43.705635,235.938965,45.021687
-24.885695,225.714859,50.716137
-13.492369,225.702408,55.440968
-21.190706,235.986404,52.626766
-33.362835,235.959579,48.966297
-13.492369,225.702408,55.440968
0.552183,225.701263,59.856544
-6.310193,236.021301,55.894897
-21.190706,235.986404,52.626766
0.552183,225.701263,59.856544
18.75149,225.708084,63.117126
12.745032,236.059448,58.040298
-6.310193,236.021301,55.894897
18.75149,225.708084,63.117126
40.989361,225.7108,64.301659
35.760475,236.088669,58.361996
12.745032,236.059448,58.040298
40.989361,225.7108,64.301659
61.837982,225.681122,63.36055
57.123447,236.085892,57.12162
35.760475,236.088669,58.361996
61.837982,225.681122,63.36055
78.525223,225.605499,60.958523
74.033218,236.043335,55.022125
57.123447,236.085892,57.12162
78.525223,225.605499,60.958523
92.122505,225.488708,58.252438
87.70562,235.970749,52.970207
74.033218,236.043335,55.022125
92.122505,225.488708,58.252438
103.519531,225.330826,55.6217
99.092827,235.87088,51.254589
87.70562,235.970749,52.970207
103.519531,225.330826,55.6217
113.365196,225.128052,53.118614
108.865715,235.741669,49.899017
99.092827,235.87088,51.254589
113.365196,225.128052,53.118614
122.104507,224.872253,50.824734
117.485344,235.576752,48.930531
108.865715,235.741669,49.899017
122.104507,224.872253,50.824734
130.062027,224.539841,48.873745
125.284058,235.358429,48.441311
117.485344,235.576752,48.930531
130.062027,224.539841,48.873745
137.47641,224.097214,47.414978
132.500824,235.061935,48.56179
125.284058,235.358429,48.441311
137.47641,224.097214,47.414978
144.575378,223.531677,46.439915
139.36145,234.67836,49.304264
132.500824,235.061935,48.56179
144.575378,223.531677,46.439915
151.557877,222.713348,46.610161
146.052399,234.113052,51.310341
139.36145,234.67836,49.304264
151.557877,222.713348,46.610161
158.493835,221.295593,49.918419
152.618484,233.111801,56.421509
146.052399,234.113052,51.310341
158.493835,221.295593,49.918419
164.252792,219.471283,56.306316
158.011765,231.807007,64.094254
152.618484,233.111801,56.421509
164.252792,219.471283,56.306316
167.295334,217.790695,64.034607
160.827301,230.589828,72.050896
158.011765,231.807007,64.094254
167.295334,217.790695,64.034607
168.621979,216.362259,71.746384
162.033432,229.545593,79.346512
160.827301,230.589828,72.050896
168.621979,216.362259,71.746384
169.40976,215.135971,78.80014
162.749039,228.645187,85.795799
162.033432,229.545593,79.346512
169.40976,215.135971,78.80014
169.8237,214.025955,85.543175
163.12323,227.826935,91.788544
162.749039,228.645187,85.795799
-86.77507,235.90033,18.27173
-81.033722,235.898911,22.958942
-91.827988,245.642395,24.525021
-98.117516,245.603302,20.36997
-81.033722,235.898911,22.958942
-74.855034,235.900162,27.574572
-85.094376,245.682983,28.579277
-91.827988,245.642395,24.525021
-74.855034,235.900162,27.574572
-68.159859,235.904358,32.106842
-77.836487,245.725266,32.517273
-85.094376,245.682983,28.579277
-68.159859,235.904358,32.106842
-60.845634,235.911865,36.539192
-69.950584,245.769424,36.31815
-77.836487,245.725266,32.517273
-60.845634,235.911865,36.539192
-52.762783,235.923218,40.854385
-61.284706,245.815811,39.957516
-69.950584,245.769424,36.31815
-52.762783,235.923218,40.854385
-43.705635,235.938965,45.021687
-51.630779,245.864777,43.396725
-61.284706,245.815811,39.957516
-43.705635,235.938965,45.021687
-33.362835,235.959579,48.966297
-40.677082,245.916382,46.555546
-51.630779,245.864777,43.396725
-33.362835,235.959579,48.966297
-21.190706,235.986404,52.626766
-27.872009,245.971619,49.351391
-40.677082,245.916382,46.555546
-21.190706,235.986404,52.626766
-6.310193,236.021301,55.894897
-12.3251,246.031738,51.6464
-27.872009,245.971619,49.351391
-6.310193,236.021301,55.894897
12.745032,236.059448,58.040298
7.386484,246.090485,52.778744
-12.3251,246.031738,51.6464
12.745032,236.059448,58.040298
35.760475,236.088669,58.361996
30.960701,246.135666,52.223305
7.386484,246.090485,52.778744
35.760475,236.088669,58.361996
57.123447,236.085892,57.12162
52.655182,246.149567,50.571457
30.960701,246.135666,52.223305
57.123447,236.085892,57.12162
74.033218,236.043335,55.022125
69.662674,246.129578,48.608212
52.655182,246.149567,50.571457
74.033218,236.043335,55.022125
87.70562,235.970749,52.970207
83.322693,246.089081,47.043781
69.662674,246.129578,48.608212
87.70562,235.970749,52.970207
99.092827,235.87088,51.254589
94.638275,246.032791,46.092171
83.322693,246.089081,47.043781
99.092827,235.87088,51.254589
108.865715,235.741669,49.899017
104.296272,245.959946,45.748184
94.638275,246.032791,46.092171
108.865715,235.741669,49.899017
117.485344,235.576752,48.930531
112.770203,245.865845,45.983444
104.296272,245.959946,45.748184
117.485344,235.576752,48.930531
125.284058,235.358429,48.441311
120.399384,245.738068,46.848549
112.770203,245.865845,45.983444
125.284058,235.358429,48.441311
132.500824,235.061935,48.56179
127.424538,245.559631,48.455341
120.399384,245.738068,46.848549
132.500824,235.061935,48.56179
139.36145,234.67836,49.304264
134.069214,245.324783,50.834698
127.424538,245.559631,48.455341
139.36145,234.67836,49.304264
146.052399,234.113052,51.310341
140.518753,244.969727,54.618961
134.069214,245.324783,50.834698
146.052399,234.113052,51.310341
152.618484,233.111801,56.421509
146.825272,244.321808,61.535172
140.518753,244.969727,54.618961
152.618484,233.111801,56.421509
158.011765,231.807007,64.094254
152.006943,243.463287,70.56308
146.825272,244.321808,61.535172
158.011765,231.807007,64.094254
160.827301,230.589828,72.050896
154.743469,242.649338,78.866806
152.006943,243.463287,70.56308
160.827301,230.589828,72.050896
162.033432,229.545593,79.346512
155.957321,241.942749,85.87928
154.743469,242.649338,78.866806
162.033432,229.545593,79.346512
162.749039,228.645187,85.795799
156.710587,241.330139,91.849274
155.957321,241.942749,85.87928
162.749039,228.645187,85.795799
163.12323,227.826935,91.788544
157.144348,240.770645,97.214188
156.710587,241.330139,91.849274
-98.117516,245.603302,20.36997
-91.827988,245.642395,24.525021
-100.504288,255.163055,23.714071
-107.23452,255.100266,19.787643
-91.827988,245.642395,24.525021
-85.094376,245.682983,28.579277
-93.32769,255.226471,27.50651
-100.504288,255.163055,23.714071
-85.094376,245.682983,28.579277
-77.836487,245.725266,32.517273
-85.624283,255.290573,31.145054
-93.32769,255.226471,27.50651
-77.836487,245.725266,32.517273
-69.950584,245.769424,36.31815
-77.290108,255.355423,34.603485
-85.624283,255.290573,31.145054
-69.950584,245.769424,36.31815
-61.284706,245.815811,39.957516
-68.17231,255.421234,37.849178
-77.290108,255.355423,34.603485
-61.284706,245.815811,39.957516
-51.630779,245.864777,43.396725
-58.062313,255.488144,40.833546
-68.17231,255.421234,37.849178
-51.630779,245.864777,43.396725
-40.677082,245.916382,46.555546
-46.650482,255.555954,43.465729
-58.062313,255.488144,40.833546
-40.677082,245.916382,46.555546
-27.872009,245.971619,49.351391
-33.382496,255.625229,45.637886
-46.650482,255.555954,43.465729
-27.872009,245.971619,49.351391
-12.3251,246.031738,51.6464
-17.364717,255.696701,47.174992
-33.382496,255.625229,45.637886
-12.3251,246.031738,51.6464
7.386484,246.090485,52.778744
2.777101,255.763306,47.430588
-17.364717,255.696701,47.174992
7.386484,246.090485,52.778744
30.960701,246.135666,52.223305
26.667204,255.813583,46.002655
2.777101,255.763306,47.430588
30.960701,246.135666,52.223305
52.655182,246.149567,50.571457
48.494473,255.835037,43.82552
26.667204,255.813583,46.002655
52.655182,246.149567,50.571457
69.662674,246.129578,48.608212
65.468102,255.828949,41.812908
48.494473,255.835037,43.82552
69.662674,246.129578,48.608212
83.322693,246.089081,47.043781
79.02607,255.810181,40.542339
65.468102,255.828949,41.812908
83.322693,246.089081,47.043781
94.638275,246.032791,46.092171
90.208702,255.784363,40.172493
79.02607,255.810181,40.542339
94.638275,246.032791,46.092171
104.296272,245.959946,45.748184
99.712212,255.751587,40.669445
90.208702,255.784363,40.172493
104.296272,245.959946,45.748184
112.770203,245.865845,45.983444
108.01844,255.708679,41.949554
99.712212,255.751587,40.669445
112.770203,245.865845,45.983444
120.399384,245.738068,46.848549
115.472832,255.647751,44.022587
108.01844,255.708679,41.949554
120.399384,245.738068,46.848549
127.424538,245.559631,48.455341
122.319321,255.558289,46.982498
115.472832,255.647751,44.022587
127.424538,245.559631,48.455341
134.069214,245.324783,50.834698
128.779114,255.437057,50.875889
122.319321,255.558289,46.982498
134.069214,245.324783,50.834698
140.518753,244.969727,54.618961
135.048431,255.245819,56.337715
128.779114,255.437057,50.875889
140.518753,244.969727,54.618961
146.825272,244.321808,61.535172
141.221268,254.879959,65.023155
135.048431,255.245819,56.337715
146.825272,244.321808,61.535172
152.006943,243.463287,70.56308
146.362457,254.382889,75.454376
141.221268,254.879959,65.023155
152.006943,243.463287,70.56308
154.743469,242.649338,78.866806
149.18071,253.900391,84.22744
146.362457,254.382889,75.454376
154.743469,242.649338,78.866806
155.957321,241.942749,85.87928
150.539352,253.474503,91.107887
149.18071,253.900391,84.22744
155.957321,241.942749,85.87928
156.710587,241.330139,91.849274
151.446884,253.102386,96.745224
150.539352,253.474503,91.107887
156.710587,241.330139,91.849274
157.144348,240.770645,97.214188
152.044907,252.760254,101.629105
151.446884,253.102386,96.745224
-107.23452,255.100266,19.787643
-100.504288,255.163055,23.714071
-106.817596,264.457031,20.322681
-113.86496,264.391052,16.289349
-100.504288,255.163055,23.714071
-93.32769,255.226471,27.50651
-99.32634,264.52301,24.185062
-106.817596,264.457031,20.322681
-93.32769,255.226471,27.50651
-85.624283,255.290573,31.145054
-91.311256,264.58905,27.851425
-99.32634,264.52301,24.185062
-85.624283,255.290573,31.145054
-77.290108,255.355423,34.603485
-82.669189,264.655121,31.289114
-91.311256,264.58905,27.851425
-77.290108,255.355423,34.603485
-68.17231,255.421234,37.849178
-73.247955,264.721313,34.456249
-82.669189,264.655121,31.289114
-68.17231,255.421234,37.849178
-58.062313,255.488144,40.833546
-62.840481,264.787598,37.292267
-73.247955,264.721313,34.456249
-58.062313,255.488144,40.833546
-46.650482,255.555954,43.465729
-51.141705,264.853668,39.69022
-62.840481,264.787598,37.292267
-46.650482,255.555954,43.465729
-33.382496,255.625229,45.637886
-37.600098,264.919769,41.512955
-51.141705,264.853668,39.69022
-33.382496,255.625229,45.637886
-17.364717,255.696701,47.174992
-21.327475,264.986176,42.540833
-37.600098,264.919769,41.512955
-17.364717,255.696701,47.174992
2.777101,255.763306,47.430588
-1.002183,265.046295,42.084564
-21.327475,264.986176,42.540833
2.777101,255.763306,47.430588
26.667204,255.813583,46.002655
22.942682,265.090698,39.805607
-1.002183,265.046295,42.084564
26.667204,255.813583,46.002655
48.494473,255.835037,43.82552
44.692505,265.111664,36.989502
22.942682,265.090698,39.805607
48.494473,255.835037,43.82552
65.468102,255.828949,41.812908
61.496365,265.112518,34.727249
44.692505,265.111664,36.989502
65.468102,255.828949,41.812908
79.02607,255.810181,40.542339
74.861847,265.10675,33.535595
61.496365,265.112518,34.727249
79.02607,255.810181,40.542339
90.208702,255.784363,40.172493
85.851433,265.099609,33.54002
74.861847,265.10675,33.535595
90.208702,255.784363,40.172493
99.712212,255.751587,40.669445
95.163574,265.091614,34.678661
85.851433,265.099609,33.54002
99.712212,255.751587,40.669445
108.01844,255.708679,41.949554
103.283974,265.080902,36.81369
95.163574,265.091614,34.678661
108.01844,255.708679,41.949554
115.472832,255.647751,44.022587
110.563225,265.063202,39.915543
103.283974,265.080902,36.81369
115.472832,255.647751,44.022587
122.319321,255.558289,46.982498
117.250031,265.033081,44.061295
110.563225,265.063202,39.915543
122.319321,255.558289,46.982498
128.779114,255.437057,50.875889
123.563171,264.989136,49.309914
117.250031,265.033081,44.061295
128.779114,255.437057,50.875889
135.048431,255.245819,56.337715
129.722488,264.912537,56.311737
123.563171,264.989136,49.309914
135.048431,255.245819,56.337715
141.221268,254.879959,65.023155
135.899689,264.75119,66.697212
129.722488,264.912537,56.311737
141.221268,254.879959,65.023155
146.362457,254.382889,75.454376
141.184418,264.521576,78.559448
135.899689,264.75119,66.697212
146.362457,254.382889,75.454376
149.18071,253.900391,84.22744
144.254288,264.289368,87.925537
141.184418,264.521576,78.559448
149.18071,253.900391,84.22744
150.539352,253.474503,91.107887
145.900864,264.078674,94.839096
144.254288,264.289368,87.925537
150.539352,253.474503,91.107887
151.446884,253.102386,96.745224
147.083649,263.892273,100.307556
145.900864,264.078674,94.839096
151.446884,253.102386,96.745224
152.044907,252.760254,101.629105
147.954056,263.719055,104.876877
147.083649,263.892273,100.307556
-113.86496,264.391052,16.289349
-106.817596,264.457031,20.322681
-110.595154,273.521545,14.219726
-117.824234,273.4758,9.722119
-106.817596,264.457031,20.322681
-99.32634,264.52301,24.185062
-102.929512,273.567108,18.505909
-110.595154,273.521545,14.219726
-99.32634,264.52301,24.185062
-91.311256,264.58905,27.851425
-94.748711,273.612457,22.549738
-102.929512,273.567108,18.505909
-91.311256,264.58905,27.851425
-82.669189,264.655121,31.289114
-85.951424,273.657562,26.311073
-94.748711,273.612457,22.549738
-82.669189,264.655121,31.289114
-73.247955,264.721313,34.456249
-76.387741,273.702423,29.737806
-85.951424,273.657562,26.311073
-73.247955,264.721313,34.456249
-62.840481,264.787598,37.292267
-65.854164,273.74704,32.755402
-76.387741,273.702423,29.737806
-62.840481,264.787598,37.292267
-51.141705,264.853668,39.69022
-54.05267,273.791077,35.235214
-65.854164,273.74704,32.755402
-51.141705,264.853668,39.69022
-37.600098,264.919769,41.512955
-40.440186,273.834595,37.006897
-54.05267,273.791077,35.235214
-37.600098,264.919769,41.512955
-21.327475,264.986176,42.540833
-24.142824,273.877625,37.798843
-40.440186,273.834595,37.006897
-21.327475,264.986176,42.540833
-1.002183,265.046295,42.084564
-3.894525,273.915802,36.817451
-24.142824,273.877625,37.798843
-1.002183,265.046295,42.084564
22.942682,265.090698,39.805607
19.832575,273.943359,33.723118
-3.894525,273.915802,36.817451
22.942682,265.090698,39.805607
44.692505,265.111664,36.989502
41.288246,273.956848,30.156441
19.832575,273.943359,33.723118
44.692505,265.111664,36.989502
61.496365,265.112518,34.727249
57.784954,273.959259,27.435053
41.288246,273.956848,30.156441
61.496365,265.112518,34.727249
74.861847,265.10675,33.535595
70.868324,273.95929,26.092607
57.784954,273.959259,27.435053
74.861847,265.10675,33.535595
85.851433,265.099609,33.54002
81.606812,273.960358,26.245544
70.868324,273.95929,26.092607
85.851433,265.099609,33.54002
95.163574,265.091614,34.678661
90.693626,273.962921,27.80529
81.606812,273.960358,26.245544
95.163574,265.091614,34.678661
103.283974,265.080902,36.81369
98.613701,273.966187,30.58172
90.693626,273.962921,27.80529
103.283974,265.080902,36.81369
110.563225,265.063202,39.915543
105.721672,273.968567,34.508041
98.613701,273.966187,30.58172
110.563225,265.063202,39.915543
117.250031,265.033081,44.061295
112.272614,273.96814,39.645725
105.721672,273.968567,34.508041
117.250031,265.033081,44.061295
123.563171,264.989136,49.309914
118.482925,273.964569,46.062363
112.272614,273.96814,39.645725
123.563171,264.989136,49.309914
129.722488,264.912537,56.311737
124.609032,273.951935,54.436977
118.482925,273.964569,46.062363
129.722488,264.912537,56.311737
135.899689,264.75119,66.697212
130.936768,273.913361,66.425568
124.609032,273.951935,54.436977
135.899689,264.75119,66.697212
141.184418,264.521576,78.559448
136.557053,273.8508,79.728317
130.936768,273.913361,66.425568
141.184418,264.521576,78.559448
144.254288,264.289368,87.925537
140.053513,273.780945,89.810234
136.557053,273.8508,79.728317
144.254288,264.289368,87.925537
145.900864,264.078674,94.839096
142.133911,273.713684,96.931366
140.053513,273.780945,89.810234
145.900864,264.078674,94.839096
147.083649,263.892273,100.307556
143.714767,273.652649,102.406738
142.133911,273.713684,96.931366
147.083649,263.892273,100.307556
147.954056,263.719055,104.876877
144.966766,273.594696,106.842171
143.714767,273.652649,102.406738
